order_id,order_date,region,channel,product,units,unit_price,discount_pct,revenue,delivery_days,customer_rating,returned
ORD-10831,2025-01-01,East,Store,Bluetooth Speaker,2,71.39,5.0,135.65,0,5.0,No
ORD-10831,2025-01-01,East,Store,Bluetooth Speaker,2,71.39,5.0,135.65,0,5.0,No
ORD-10014,2025-01-02,North,Online,Smart Watch,2,128.74,15.0,218.86,1,4.0,No
ORD-10076,2025-01-02,West,Store,USB-C Hub,4,28.78,,109.35,0,5.0,No
ORD-10230,2025-01-02,North,Online,Smart Watch,1,130.28,20.0,104.23,5,3.0,No
ORD-10353,2025-01-02,South,Online,USB-C Hub,1,30.0,10.0,27.0,1,4.0,No
ORD-10141,2025-01-03,South,Online,Smart Watch,2,128.95,10.0,232.11,4,3.0,No
ORD-10066,2025-01-05,South,Online,Wireless Earbuds,1,48.2,10.0,43.38,8,3.0,No
ORD-10885,2025-01-05,West,Online,Wireless Earbuds,3,48.86,20.0,117.26,7,4.0,No
ORD-11117,2025-01-05,South,Store,Laptop Stand,2,34.54,0.0,69.08,0,5.0,No
ORD-10143,2025-01-06,West,Store,USB-C Hub,1,29.1,0.0,29.1,0,3.0,Yes
ORD-10242,2025-01-06,West,Store,Smart Watch,4,131.05,0.0,524.18,0,4.0,No
ORD-10419,2025-01-06,South,Online,Smart Watch,2,127.5,0.0,255.01,1,4.0,No
ORD-10850,2025-01-06,North,Store,Laptop Stand,1,36.3,30.0,25.41,0,5.0,No
ORD-11124,2025-01-06,East,Online,Wireless Earbuds,4,48.84,15.0,166.07,7,2.0,No
ORD-11194,2025-01-07,South,Online,Wireless Earbuds,4,50.89,10.0,183.21,5,4.0,No
ORD-10376,2025-01-08,North,Store,Bluetooth Speaker,2,69.61,10.0,125.31,0,5.0,No
ORD-10394,2025-01-08,West,Online,Bluetooth Speaker,4,73.67,0.0,294.68,8,2.0,Yes
ORD-10545,2025-01-08,East,Store,Wireless Earbuds,2,46.73,10.0,84.12,0,4.0,No
ORD-10627,2025-01-08,North,Online,Bluetooth Speaker,2,69.42,0.0,138.85,2,3.0,No
ORD-11129,2025-01-09,South,Online,Smart Watch,4,127.28,10.0,458.19,3,3.0,No
ORD-10194,2025-01-10,East,Store,Laptop Stand,1,34.66,0.0,34.66,0,5.0,No
ORD-10472,2025-01-10,North,Store,Bluetooth Speaker,1,65.98,5.0,62.68,0,4.0,No
ORD-11116,2025-01-10,North,Online,Laptop Stand,1,35.53,10.0,31.98,4,3.0,No
ORD-11153,2025-01-10,East,Store,Bluetooth Speaker,1,66.72,0.0,66.72,0,4.0,No
ORD-10639,2025-01-11,East,Store,USB-C Hub,1,28.72,0.0,28.72,0,4.0,No
ORD-10198,2025-01-12,West,Store,Laptop Stand,4,36.19,20.0,115.8,0,4.0,No
ORD-10374,2025-01-12,South,Online,Laptop Stand,2,35.08,20.0,56.13,3,3.0,No
ORD-10631,2025-01-12,North,Online,Smart Watch,3,130.23,10.0,351.61,2,3.0,No
ORD-10680,2025-01-12,East,Store,Wireless Earbuds,2,48.71,10.0,87.67,0,4.0,No
ORD-11170,2025-01-12,North,Store,USB-C Hub,3,27.5,20.0,66.01,0,,No
ORD-10618,2025-01-13,North,Store,USB-C Hub,1,28.56,20.0,22.85,0,4.0,No
ORD-10706,2025-01-13,West,Online,Wireless Earbuds,3,47.14,10.0,127.27,7,3.0,No
ORD-10942,2025-01-13,North,Store,Wireless Earbuds,3,49.08,5.0,139.89,0,5.0,No
ORD-10050,2025-01-14,West,Store,Bluetooth Speaker,2,67.94,0.0,135.88,0,4.0,No
ORD-10182,2025-01-14, South ,Store,Laptop Stand,3,36.28,10.0,97.95,0,5.0,No
ORD-10869,2025-01-14,East,Online,USB-C Hub,2,28.13,5.0,53.45,6,3.0,No
ORD-10905,2025-01-14,East,Online,Smart Watch,4,125.57,15.0,426.92,5,3.0,No
ORD-10386,2025-01-15,North,Store,Laptop Stand,1,34.66,0.0,34.66,0,3.0,No
ORD-10412,2025-01-15,West,Store,Wireless Earbuds,3,51.1,10.0,137.97,0,5.0,No
ORD-10762,2025-01-15,North,Store,Wireless Earbuds,3,49.72,10.0,134.25,0,4.0,No
ORD-10872,2025-01-15,North,Online,USB-C Hub,2,28.2,10.0,50.75,2,4.0,No
ORD-10091,2025-01-16,East,Store,Smart Watch,4,128.13,15.0,435.63,0,5.0,No
ORD-10841,2025-01-16,South,Online,Smart Watch,1,129.95,5.0,123.45,1,3.0,Yes
ORD-10048,2025-01-17, East ,Store,Smart Watch,1,135.13,5.0,128.38,0,2.0,No
ORD-11075,2025-01-17,East,Online,Bluetooth Speaker,3,68.45,5.0,195.09,3,3.0,No
ORD-11163,2025-01-17,South,Online,Wireless Earbuds,2,51.26,0.0,102.52,7,,No
ORD-10167,2025-01-18,South,Store,Wireless Earbuds,4,49.66,0.0,198.66,0,3.0,No
ORD-10372,2025-01-18,West,Store,Bluetooth Speaker,4,66.17,0.0,264.66,0,5.0,No
ORD-10320,2025-01-19,South,Online,Bluetooth Speaker,1,67.73,5.0,64.35,7,3.0,No
ORD-10420,2025-01-19,West,Online,Wireless Earbuds,1,49.54,30.0,34.68,3,4.0,No
ORD-10455,2025-01-19,North,Online,Bluetooth Speaker,2,74.09,0.0,148.18,4,4.0,No
ORD-11152,2025-01-19,North,Online,Bluetooth Speaker,2,69.04,5.0,131.18,5,4.0,No
ORD-10133,2025-01-20,South,Online,Bluetooth Speaker,2,68.91,20.0,110.25,4,4.0,No
ORD-11091,2025-01-20,North,Online,Wireless Earbuds,1,48.8,10.0,43.92,3,5.0,No
ORD-10009,2025-01-21,West,Store,Bluetooth Speaker,1,71.23,0.0,71.23,0,5.0,No
ORD-10193,2025-01-21,East,Store,Bluetooth Speaker,1,71.15,30.0,49.81,0,5.0,No
ORD-10585,2025-01-21,West,Store,Bluetooth Speaker,2,70.57,10.0,127.02,0,4.0,No
ORD-10690,2025-01-21, South ,Store,Smart Watch,2,136.08,15.0,231.33,0,4.0,No
ORD-10857,2025-01-21,South,Online,Bluetooth Speaker,3,66.36,0.0,199.08,4,3.0,No
ORD-11026,2025-01-21,South,Store,Wireless Earbuds,2,49.35,0.0,98.7,0,5.0,No
ORD-10106,2025-01-22,North,Store,Wireless Earbuds,1,48.84,5.0,46.39,0,4.0,No
ORD-10213,2025-01-22,East,Store,Bluetooth Speaker,2,66.84,5.0,127.0,0,5.0,No
ORD-10175,2025-01-23,West,Store,Wireless Earbuds,2,47.05,10.0,84.69,0,3.0,No
ORD-10350,2025-01-23,West,Online,USB-C Hub,4,29.45,5.0,111.9,3,4.0,No
ORD-10699,2025-01-23,East,Online,Laptop Stand,4,35.01,20.0,112.04,1,5.0,No
ORD-10927,2025-01-23,West,Online,Smart Watch,1,125.08,0.0,125.08,6,2.0,No
ORD-11034,2025-01-23,West,Online,USB-C Hub,3,28.67,30.0,60.2,4,4.0,No
ORD-10566,2025-01-24,South,Online,USB-C Hub,2,28.95,5.0,55.0,2,3.0,Yes
ORD-10846,2025-01-24,South,Store,Bluetooth Speaker,1,67.53,0.0,67.53,0,4.0,No
ORD-10676,2025-01-25,North,Store,Laptop Stand,1,35.85,10.0,32.27,0,4.0,No
ORD-10768,2025-01-25,East,Store,Laptop Stand,4,34.97,10.0,125.88,0,4.0,No
ORD-11064,2025-01-25,South,Online,Smart Watch,1,126.43,5.0,120.11,6,3.0,Yes
ORD-10294,2025-01-26,West,Online,Smart Watch,2,136.78,5.0,259.88,5,2.0,Yes
ORD-10557,2025-01-26,North,Online,Laptop Stand,4,36.48,0.0,145.92,5,4.0,No
ORD-10877,2025-01-26,West,Online,Laptop Stand,3,35.05,0.0,105.14,6,3.0,No
ORD-11099,2025-01-26,North,Online,Wireless Earbuds,3,50.58,0.0,151.73,5,4.0,No
ORD-10923,2025-01-27,East,Store,Bluetooth Speaker,3,68.74,0.0,206.23,0,,No
ORD-10992,2025-01-27,North,Store,USB-C Hub,2,29.77,10.0,53.58,0,,No
ORD-11097,2025-01-27, West ,Online,Smart Watch,3,130.53,10.0,352.44,6,3.0,No
ORD-10880,2025-01-28, North ,Store,USB-C Hub,4,28.75,0.0,115.02,0,5.0,No
ORD-10999,2025-01-28,South,Online,Wireless Earbuds,2,49.55,0.0,99.09,2,3.0,Yes
ORD-11055,2025-01-28,East,Online,Laptop Stand,4,35.51,5.0,134.94,1,4.0,No
ORD-10207,2025-01-29,East,Store,Bluetooth Speaker,2,67.1,0.0,134.19,0,4.0,Yes
ORD-10522,2025-01-29,South,Online,Wireless Earbuds,2,48.25,0.0,96.5,3,5.0,No
ORD-10514,2025-01-30,North,Online,Laptop Stand,4,35.13,10.0,126.46,4,4.0,No
ORD-10532,2025-01-30,West,Store,Smart Watch,2,132.32,5.0,251.4,0,4.0,No
ORD-10793,2025-01-30,North,Online,USB-C Hub,1,28.83,0.0,28.83,3,4.0,No
ORD-10463,2025-01-31, South ,Online,Bluetooth Speaker,4,67.19,0.0,268.78,3,4.0,No
ORD-10864,2025-01-31,West,Online,Wireless Earbuds,4,48.36,0.0,193.42,1,5.0,No
ORD-10249,2025-02-01,West,Store,USB-C Hub,4,29.13,5.0,110.7,0,,No
ORD-10269,2025-02-02,East,Store,Wireless Earbuds,4,50.91,5.0,193.44,0,4.0,No
ORD-10347,2025-02-02,East,Store,Smart Watch,3,127.39,5.0,363.06,0,4.0,No
ORD-10393,2025-02-02,South,Store,USB-C Hub,1,27.72,5.0,26.33,0,4.0,No
ORD-10597,2025-02-02,North,Online,Smart Watch,1,124.92,5.0,118.67,2,3.0,No
ORD-10935,2025-02-02,South,Store,Wireless Earbuds,1,49.88,0.0,49.88,0,5.0,No
ORD-10094,2025-02-03,West,Online,Wireless Earbuds,1,48.1,5.0,45.69,1,4.0,No
ORD-10147,2025-02-03,North,Online,USB-C Hub,3,27.86,15.0,71.04,2,,Yes
ORD-10654,2025-02-03,East,Online,Wireless Earbuds,2,50.31,15.0,85.53,7,3.0,No
ORD-10810,2025-02-03,South,Online,USB-C Hub,2,29.45,5.0,55.95,7,3.0,No
ORD-10067,2025-02-05,East,Online,USB-C Hub,2,28.54,0.0,57.07,5,3.0,Yes
ORD-10136,2025-02-05,West,Store,Laptop Stand,2,34.43,10.0,61.97,0,4.0,No
ORD-10293,2025-02-05,East,Store,Smart Watch,1,120.5,5.0,114.47,0,4.0,No
ORD-10452,2025-02-05,West,Online,Laptop Stand,1,34.83,0.0,34.83,6,3.0,No
ORD-10554,2025-02-05,North,Online,Bluetooth Speaker,2,70.19,20.0,112.3,2,5.0,No
ORD-10490,2025-02-06,North,Online,Smart Watch,4,125.75,0.0,503.01,8,2.0,Yes
ORD-10775,2025-02-06,West,Online,USB-C Hub,4,29.82,10.0,107.34,5,4.0,No
ORD-10817,2025-02-06,South,Online,Smart Watch,2,124.79,0.0,249.59,8,2.0,Yes
ORD-10913,2025-02-06, West ,Store,Bluetooth Speaker,2,69.41,10.0,124.93,0,4.0,No
ORD-10623,2025-02-07,South,Online,Smart Watch,2,130.22,5.0,247.42,2,3.0,No
ORD-11161,2025-02-07,North,Online,Smart Watch,4,134.25,20.0,429.58,7,2.0,Yes
ORD-10257,2025-02-08,South,Store,Laptop Stand,3,35.66,0.0,106.98,0,3.0,No
ORD-10105,2025-02-09,West,Online,Laptop Stand,1,34.14,0.0,34.14,8,3.0,No
ORD-10203,2025-02-09,West,Store,USB-C Hub,1,28.91,10.0,26.02,0,5.0,No
ORD-10389,2025-02-09,East,Online,Wireless Earbuds,4,47.55,15.0,161.66,6,3.0,No
ORD-10657,2025-02-09,West,Online,Smart Watch,4,126.29,20.0,404.14,5,3.0,Yes
ORD-10897,2025-02-09,North,Online,Wireless Earbuds,4,49.04,30.0,137.31,6,2.0,Yes
ORD-10681,2025-02-10,East,Store,Wireless Earbuds,3,49.26,0.0,147.77,0,3.0,No
ORD-10959,2025-02-10,West,Store,Smart Watch,1,126.81,30.0,88.77,0,4.0,No
ORD-10047,2025-02-11,West,Online,USB-C Hub,1,29.08,0.0,29.08,8,2.0,Yes
ORD-10328,2025-02-11,West,Online,Laptop Stand,1,33.89,10.0,30.5,8,2.0,Yes
ORD-10360,2025-02-11,South,Store,Wireless Earbuds,1,47.33,20.0,37.87,0,4.0,No
ORD-10391,2025-02-11,South,Online,Laptop Stand,3,35.84,5.0,102.15,7,3.0,No
ORD-10426,2025-02-11,South,Store,Wireless Earbuds,3,50.29,15.0,128.23,0,4.0,No
ORD-10744,2025-02-11,North,Store,Laptop Stand,4,34.67,0.0,138.69,0,4.0,No
ORD-11166,2025-02-11,North,Online,Bluetooth Speaker,1,68.83,20.0,55.07,7,3.0,Yes
ORD-10047,2025-02-11,West,Online,USB-C Hub,1,29.08,0.0,29.08,8,2.0,Yes
ORD-10658,2025-02-12,West,Online,Laptop Stand,4,35.74,30.0,100.09,4,4.0,No
ORD-10019,2025-02-13,West,Store,USB-C Hub,1,29.49,5.0,28.01,0,3.0,Yes
ORD-10875,2025-02-13,South,Store,Laptop Stand,2,33.99,0.0,67.97,0,4.0,No
ORD-10200,2025-02-14,North,Online,USB-C Hub,1,29.4,0.0,29.4,5,4.0,No
ORD-10710,2025-02-14,West,Online,USB-C Hub,2,28.42,0.0,56.83,7,3.0,No
ORD-10339,2025-02-15,East,Online,Wireless Earbuds,4,49.75,5.0,189.03,1,5.0,No
ORD-10582,2025-02-15,East,Online,Wireless Earbuds,2,47.53,10.0,85.55,3,4.0,No
ORD-10652,2025-02-15, West ,Online,Wireless Earbuds,1,47.03,20.0,37.63,6,4.0,No
ORD-10704,2025-02-15,North,Store,Laptop Stand,4,33.57,20.0,107.44,0,5.0,No
ORD-10429,2025-02-16,East,Store,Bluetooth Speaker,4,68.19,0.0,272.76,0,4.0,No
ORD-10643,2025-02-16,West,Store,Laptop Stand,1,32.98,15.0,28.03,0,4.0,No
ORD-10017,2025-02-17,South,Online,Wireless Earbuds,1,51.56,30.0,36.09,5,4.0,No
ORD-10438,2025-02-17,East,Store,Smart Watch,4,126.07,0.0,504.3,0,3.0,No
ORD-10526,2025-02-17,East,Store,USB-C Hub,2,29.68,5.0,56.39,0,4.0,No
ORD-10530,2025-02-17,South,Online,Wireless Earbuds,1,47.99,5.0,45.59,2,3.0,No
ORD-10589,2025-02-17,West,Online,Laptop Stand,4,35.46,5.0,134.73,7,4.0,No
ORD-10845,2025-02-17,South,Online,Wireless Earbuds,2,48.05,0.0,96.11,1,4.0,Yes
ORD-10991,2025-02-17,North,Store,Smart Watch,4,127.01,20.0,406.44,0,4.0,No
ORD-10150,2025-02-18,East,Store,Wireless Earbuds,1,49.24,0.0,49.24,0,3.0,No
ORD-10494,2025-02-18,West,Online,Bluetooth Speaker,2,68.08,15.0,115.74,8,3.0,No
ORD-10528,2025-02-18,North,Online,Wireless Earbuds,2,48.52,20.0,77.63,2,3.0,No
ORD-11125,2025-02-18,East,Online,Wireless Earbuds,3,50.11,10.0,135.3,4,4.0,No
ORD-10236,2025-02-19,South,Store,Wireless Earbuds,2,49.24,5.0,93.55,0,5.0,No
ORD-10309,2025-02-19,East,Store,Wireless Earbuds,1,47.97,0.0,47.97,0,5.0,No
ORD-10742,2025-02-19,East,Store,Laptop Stand,3,36.07,15.0,91.98,0,4.0,No
ORD-11074,2025-02-19,North,Store,Bluetooth Speaker,1,67.88,15.0,57.7,0,4.0,No
ORD-11106,2025-02-19,East,Online,USB-C Hub,4,28.89,0.0,115.54,8,3.0,No
ORD-10267,2025-02-20,East,Store,Wireless Earbuds,2,48.43,30.0,67.81,0,5.0,No
ORD-10469,2025-02-20,East,Online,Laptop Stand,2,36.28,5.0,68.93,1,4.0,Yes
ORD-10638,2025-02-20,East,Store,Laptop Stand,1,33.44,5.0,31.77,0,5.0,No
ORD-11108,2025-02-20,West,Online,Wireless Earbuds,1,47.45,15.0,40.33,1,3.0,Yes
ORD-10051,2025-02-21,South,Store,USB-C Hub,3,28.1,5.0,80.07,0,4.0,No
ORD-11100,2025-02-21,South,Store,USB-C Hub,2,29.07,5.0,55.23,0,5.0,No
ORD-11035,2025-02-22,West,Online,USB-C Hub,3,29.01,5.0,82.68,7,3.0,Yes
ORD-11165,2025-02-22,South,Online,Wireless Earbuds,4,48.7,10.0,175.31,2,4.0,No
ORD-10160,2025-02-23,South,Online,Laptop Stand,2,35.12,15.0,59.7,7,3.0,No
ORD-10613,2025-02-23,West,Store,USB-C Hub,2,27.89,20.0,44.63,0,4.0,No
ORD-10675,2025-02-23,South,Online,USB-C Hub,2,29.04,5.0,55.18,3,4.0,No
ORD-11137,2025-02-23,North,Store,Wireless Earbuds,1,49.04,15.0,41.69,0,5.0,No
ORD-10112,2025-02-24,South,Online,Wireless Earbuds,2,48.6,0.0,97.21,4,3.0,No
ORD-10644,2025-02-24, South ,Online,Wireless Earbuds,2,48.86,15.0,83.06,1,4.0,No
ORD-10128,2025-02-25,South,Online,Bluetooth Speaker,2,72.59,10.0,130.66,1,4.0,No
ORD-10226,2025-02-25,South,Store,USB-C Hub,3,27.43,5.0,78.18,0,4.0,No
ORD-10425,2025-02-25,West,Online,Bluetooth Speaker,1,71.16,10.0,64.05,1,5.0,No
ORD-10080,2025-02-26,North,Online,Bluetooth Speaker,1,68.45,10.0,61.6,5,2.0,Yes
ORD-10679,2025-02-26,West,Store,Laptop Stand,1,35.05,0.0,35.05,0,4.0,No
ORD-10806,2025-02-26,West,Online,USB-C Hub,4,29.27,15.0,99.52,5,3.0,No
ORD-10901,2025-02-26,East,Online,Laptop Stand,2,34.77,5.0,66.05,4,,Yes
ORD-10275,2025-02-27,North,Store,Smart Watch,4,132.21,,528.85,0,4.0,No
ORD-10929,2025-02-27,South,Online,USB-C Hub,4,29.39,5.0,111.7,7,3.0,No
ORD-10044,2025-02-28,South,Store,USB-C Hub,1,28.3,10.0,25.47,0,4.0,No
ORD-10470,2025-02-28,East,Store,USB-C Hub,4,28.42,10.0,102.32,0,4.0,No
ORD-11007,2025-02-28,West,Online,Wireless Earbuds,1,49.26,15.0,41.87,4,3.0,No
ORD-11073,2025-02-28,South,Online,Wireless Earbuds,1,50.08,5.0,47.58,8,2.0,No
ORD-11144,2025-02-28,North,Online,Bluetooth Speaker,3,69.01,10.0,186.33,8,4.0,No
ORD-10297,2025-03-01,North,Online,USB-C Hub,3,29.09,15.0,74.17,1,3.0,No
ORD-10477,2025-03-01,North,Online,Smart Watch,2,137.88,5.0,261.97,1,4.0,No
ORD-10483,2025-03-01,South,Online,Bluetooth Speaker,2,66.36,5.0,126.09,1,5.0,No
ORD-11127,2025-03-01,East,Store,Smart Watch,3,135.38,10.0,365.53,0,5.0,No
ORD-11128,2025-03-01,South,Online,Wireless Earbuds,1,49.24,5.0,46.78,7,3.0,Yes
ORD-10390,2025-03-02,West,Online,Wireless Earbuds,4,49.91,10.0,179.66,7,,No
ORD-10521,2025-03-02,North,Store,USB-C Hub,2,29.96,15.0,50.93,0,5.0,No
ORD-10719,2025-03-02,North,Online,USB-C Hub,3,29.94,0.0,89.82,8,2.0,Yes
ORD-10796,2025-03-02,South,Online,Wireless Earbuds,2,44.92,5.0,85.36,6,3.0,Yes
ORD-11053,2025-03-02,East,Online,Wireless Earbuds,4,46.96,0.0,187.85,5,,No
ORD-11120,2025-03-02,South,Store,Wireless Earbuds,3,46.81,0.0,140.42,0,4.0,No
ORD-10319,2025-03-03,East,Online,Wireless Earbuds,1,48.24,15.0,41.01,2,5.0,No
ORD-10711,2025-03-03,West,Store,Smart Watch,3,126.71,20.0,304.11,0,5.0,No
ORD-10792,2025-03-03,North,Online,Wireless Earbuds,4,48.95,10.0,176.24,6,3.0,No
ORD-10917,2025-03-03,West,Online,Laptop Stand,2,33.54,0.0,67.08,4,3.0,No
ORD-10373,2025-03-04,East,Store,Bluetooth Speaker,1,71.04,0.0,71.04,0,5.0,No
ORD-10811,2025-03-04,West,Online,USB-C Hub,4,29.75,30.0,83.3,6,4.0,No
ORD-10333,2025-03-05,South,Online,Bluetooth Speaker,2,71.55,0.0,143.1,1,4.0,No
ORD-11110,2025-03-05,South,Online,Laptop Stand,3,34.88,10.0,94.18,1,3.0,Yes
ORD-10660,2025-03-06,South,Store,Bluetooth Speaker,4,68.45,15.0,232.72,0,5.0,No
ORD-10712,2025-03-06,East,Online,USB-C Hub,3,28.7,0.0,86.1,5,3.0,Yes
ORD-10168,2025-03-07,North,Online,Smart Watch,1,121.64,30.0,85.15,3,3.0,Yes
ORD-10258,2025-03-07,West,Online,Bluetooth Speaker,4,67.58,30.0,189.23,3,4.0,No
ORD-10659,2025-03-07,West,Store,USB-C Hub,1,27.76,20.0,22.2,0,4.0,No
ORD-10740,2025-03-07,North,Online,USB-C Hub,3,29.03,5.0,82.72,8,3.0,No
ORD-11027,2025-03-07,South,Store,USB-C Hub,1,29.34,30.0,20.53,0,5.0,No
ORD-10547,2025-03-08,West,Online,Bluetooth Speaker,1,69.83,0.0,69.83,2,4.0,No
ORD-10737,2025-03-08,East,Store,Laptop Stand,1,33.23,5.0,31.57,0,4.0,No
ORD-10960,2025-03-08,East,Online,Wireless Earbuds,2,47.81,5.0,90.85,7,2.0,Yes
ORD-10085,2025-03-09,South,Online,Wireless Earbuds,2,49.43,5.0,93.91,8,3.0,No
ORD-10348,2025-03-09,South,Store,USB-C Hub,2,28.32,0.0,56.64,0,4.0,No
ORD-10584,2025-03-09,South,Store,Laptop Stand,4,34.69,10.0,124.89,0,5.0,No
ORD-10604,2025-03-09,West,Store,Bluetooth Speaker,3,68.32,5.0,194.71,0,4.0,No
ORD-10718,2025-03-09,East,Online,Wireless Earbuds,2,48.41,0.0,96.83,6,3.0,No
ORD-11118,2025-03-09,West,Online,Smart Watch,3,129.17,5.0,368.14,1,5.0,No
ORD-11134,2025-03-09,East,Online,Smart Watch,4,126.92,15.0,431.51,8,2.0,Yes
ORD-10382,2025-03-10,West,Store,Laptop Stand,1,36.36,5.0,34.54,0,4.0,No
ORD-10544,2025-03-10,South,Online,Wireless Earbuds,1,48.57,10.0,43.71,7,3.0,No
ORD-10408,2025-03-11,South,Store,Wireless Earbuds,1,48.56,15.0,41.28,0,4.0,No
ORD-10572,2025-03-11,East,Online,USB-C Hub,1,29.02,0.0,29.02,8,3.0,No
ORD-10668,2025-03-11,North,Online,Wireless Earbuds,3,50.01,15.0,127.53,8,3.0,No
ORD-11049,2025-03-11,West,Online,Wireless Earbuds,2,50.08,30.0,70.11,8,2.0,Yes
ORD-10068,2025-03-12,West,Store,Bluetooth Speaker,4,65.94,10.0,237.37,0,5.0,No
ORD-10162,2025-03-12,South,Online,Laptop Stand,2,33.83,5.0,64.27,7,3.0,No
ORD-10253,2025-03-12,North,Store,Wireless Earbuds,1,46.66,0.0,46.66,0,4.0,No
ORD-10495,2025-03-12,East,Online,Smart Watch,1,125.01,0.0,125.01,8,2.0,Yes
ORD-10886,2025-03-13,West,Store,Wireless Earbuds,3,49.08,0.0,147.24,0,4.0,No
ORD-11072,2025-03-13,East,Store,Smart Watch,3,130.65,5.0,372.35,0,3.0,No
ORD-10254,2025-03-14,North,Online,Wireless Earbuds,4,49.37,15.0,167.87,4,2.0,Yes
ORD-10444,2025-03-14,East,Store,Laptop Stand,2,35.17,0.0,70.34,0,4.0,No
ORD-10523,2025-03-14,North,Store,Bluetooth Speaker,4,65.71,10.0,236.55,0,5.0,No
ORD-10603,2025-03-14,East,Store,Wireless Earbuds,2,47.34,10.0,85.21,0,,No
ORD-10890,2025-03-14,South,Online,USB-C Hub,2,28.88,5.0,54.87,1,5.0,No
ORD-11000,2025-03-14,West,Online,Bluetooth Speaker,1,66.53,0.0,66.53,5,3.0,No
ORD-11185,2025-03-14,North,Online,Bluetooth Speaker,1,70.52,5.0,67.0,3,3.0,No
ORD-10072,2025-03-15,East,Store,Wireless Earbuds,3,49.57,5.0,141.28,0,3.0,Yes
ORD-10273,2025-03-15,North,Store,Wireless Earbuds,3,47.37,5.0,135.01,0,4.0,No
ORD-11018,2025-03-15,East,Online,Laptop Stand,2,35.53,0.0,71.06,1,4.0,No
ORD-10318,2025-03-16,South,Online,Bluetooth Speaker,4,69.49,0.0,277.96,3,4.0,No
ORD-11054,2025-03-16,North,Store,Bluetooth Speaker,2,68.97,5.0,131.05,0,5.0,No
ORD-10611,2025-03-17,South,Store,USB-C Hub,3,27.37,0.0,82.12,0,3.0,No
ORD-10754,2025-03-17,West,Store,Laptop Stand,3,34.96,0.0,104.87,0,5.0,No
ORD-10509,2025-03-18,North,Store,USB-C Hub,1,29.54,0.0,29.54,0,4.0,No
ORD-10840,2025-03-18,West,Store,Wireless Earbuds,3,48.53,10.0,131.04,0,4.0,No
ORD-10179,2025-03-19,South,Online,Bluetooth Speaker,1,70.29,15.0,59.74,5,3.0,No
ORD-10322,2025-03-19,South,Store,Smart Watch,1,127.83,0.0,127.83,0,4.0,No
ORD-10577,2025-03-19,North,Store,Wireless Earbuds,2,47.3,5.0,89.87,0,4.0,No
ORD-11147,2025-03-19,South,Store,Wireless Earbuds,4,49.26,30.0,137.93,0,5.0,No
ORD-10042,2025-03-20,East,Store,USB-C Hub,4,29.12,0.0,116.47,0,4.0,No
ORD-10140,2025-03-20,East,Online,Wireless Earbuds,3,49.35,15.0,125.85,7,3.0,No
ORD-10405,2025-03-20,South,Online,Wireless Earbuds,4,47.63,10.0,171.48,6,3.0,No
ORD-10476,2025-03-20,East,Store,Bluetooth Speaker,2,68.29,0.0,136.58,0,4.0,No
ORD-10506,2025-03-20,East,Store,Bluetooth Speaker,2,67.84,15.0,115.32,0,5.0,No
ORD-11160,2025-03-20,South,Online,Wireless Earbuds,1,51.22,0.0,51.22,3,4.0,No
ORD-10271,2025-03-21,East,Online,Smart Watch,1,128.69,30.0,90.08,5,3.0,Yes
ORD-10672,2025-03-21,North,Online,Bluetooth Speaker,4,71.39,5.0,271.28,3,3.0,No
ORD-10827,2025-03-21,West,Online,Wireless Earbuds,2,50.89,0.0,101.78,7,3.0,No
ORD-11093,2025-03-21,North,Store,Wireless Earbuds,3,47.79,30.0,100.36,0,3.0,No
ORD-11115,2025-03-21,North,Online,Laptop Stand,2,34.16,5.0,64.91,8,4.0,No
ORD-10884,2025-03-23,West,Store,Wireless Earbuds,1,49.02,0.0,49.02,0,5.0,No
ORD-10993,2025-03-23,East,Online,Wireless Earbuds,3,47.58,15.0,121.34,6,4.0,No
ORD-10008,2025-03-24,North,Online,Smart Watch,3,130.58,5.0,372.14,1,3.0,No
ORD-10111,2025-03-24,East,Online,USB-C Hub,3,28.75,0.0,86.24,1,5.0,No
ORD-10252,2025-03-24,East,Store,Wireless Earbuds,2,49.45,0.0,98.9,0,4.0,Yes
ORD-10702,2025-03-24,East,Online,USB-C Hub,2,27.86,15.0,47.36,8,3.0,No
ORD-10829,2025-03-24,North,Online,Wireless Earbuds,1,46.74,20.0,37.39,4,3.0,No
ORD-10995,2025-03-24,North,Store,Bluetooth Speaker,1,68.14,0.0,68.14,0,5.0,No
ORD-10251,2025-03-26,East,Store,Bluetooth Speaker,1,66.81,5.0,63.47,0,4.0,No
ORD-10567,2025-03-26,North,Online,Wireless Earbuds,2,47.88,20.0,76.61,2,4.0,No
ORD-10750,2025-03-26,North,Online,USB-C Hub,2,28.85,5.0,54.82,1,5.0,No
ORD-11061,2025-03-26,North,Online,Wireless Earbuds,2,48.35,10.0,87.04,7,4.0,No
ORD-11103,2025-03-26,East,Store,Wireless Earbuds,2,49.52,5.0,94.1,0,4.0,No
ORD-10343,2025-03-27,East,Online,Bluetooth Speaker,4,70.14,30.0,196.38,8,3.0,No
ORD-10407,2025-03-28, North ,Online,Wireless Earbuds,2,49.35,0.0,98.7,1,4.0,No
ORD-10413,2025-03-28,West,Store,Wireless Earbuds,2,48.66,10.0,87.6,0,4.0,No
ORD-10770,2025-03-28,South,Online,Wireless Earbuds,4,46.34,0.0,185.34,5,3.0,No
ORD-10833,2025-03-28,South,Online,USB-C Hub,1,28.56,10.0,25.7,1,4.0,No
ORD-10132,2025-03-29,North,Store,Laptop Stand,4,33.65,0.0,134.6,0,4.0,No
ORD-10180,2025-03-29,West,Online,Wireless Earbuds,2,48.22,0.0,96.43,6,3.0,Yes
ORD-10749,2025-03-30,North,Store,Wireless Earbuds,4,49.21,5.0,186.99,0,3.0,No
ORD-10095,2025-03-31,North,Store,Wireless Earbuds,4,47.75,10.0,171.9,0,4.0,No
ORD-10165,2025-03-31, North ,Online,Smart Watch,3,125.02,0.0,375.05,8,1.0,Yes
ORD-10385,2025-03-31,West,Online,USB-C Hub,1,28.73,0.0,28.73,1,3.0,No
ORD-10975,2025-03-31,South,Store,Wireless Earbuds,3,49.35,10.0,133.24,0,4.0,No
ORD-11033,2025-03-31,East,Online,USB-C Hub,3,29.38,10.0,79.33,4,4.0,No
ORD-11038,2025-03-31,South,Online,USB-C Hub,1,29.5,10.0,26.55,4,4.0,No
ORD-10064,2025-04-01, North ,Online,Wireless Earbuds,4,50.33,30.0,140.93,7,2.0,Yes
ORD-10295,2025-04-01,North,Online,Wireless Earbuds,2,48.65,5.0,92.43,2,4.0,No
ORD-10380,2025-04-01,West,Store,USB-C Hub,2,28.27,10.0,50.88,0,5.0,No
ORD-10508,2025-04-01,North,Online,Wireless Earbuds,3,48.31,10.0,130.43,6,2.0,No
ORD-10687,2025-04-01,West,Online,Smart Watch,4,122.98,0.0,491.91,2,4.0,No
ORD-10698,2025-04-01,North,Online,USB-C Hub,1,29.19,0.0,29.19,7,4.0,No
ORD-10965,2025-04-01,South,Store,USB-C Hub,1,30.15,,30.15,0,5.0,No
ORD-10302,2025-04-02,East,Store,Laptop Stand,2,36.36,20.0,58.18,0,4.0,No
ORD-10955,2025-04-02,North,Online,Laptop Stand,4,34.95,0.0,139.81,5,3.0,Yes
ORD-10378,2025-04-03, East ,Store,USB-C Hub,1,27.93,0.0,27.93,0,4.0,No
ORD-10484,2025-04-03,North,Store,Laptop Stand,3,33.33,5.0,94.98,0,4.0,No
ORD-10633,2025-04-03,North,Store,Wireless Earbuds,3,49.1,10.0,132.57,0,4.0,No
ORD-10695,2025-04-03,South,Online,Wireless Earbuds,2,49.28,5.0,93.63,2,3.0,No
ORD-10741,2025-04-03,East,Online,Smart Watch,4,123.56,5.0,469.52,8,2.0,Yes
ORD-10026,2025-04-04,West,Online,Wireless Earbuds,3,49.28,10.0,133.06,7,2.0,Yes
ORD-10651,2025-04-04,North,Online,Bluetooth Speaker,1,70.61,15.0,60.02,2,4.0,No
ORD-11062,2025-04-04,West,Online,Smart Watch,1,127.05,5.0,120.7,2,3.0,No
ORD-11094,2025-04-04,South,Online,Bluetooth Speaker,4,72.88,10.0,262.36,4,4.0,No
ORD-10377,2025-04-05,North,Online,Wireless Earbuds,2,51.18,0.0,102.36,5,,No
ORD-10677,2025-04-05,East,Online,Smart Watch,2,134.59,10.0,242.26,3,3.0,No
ORD-11046,2025-04-05,East,Online,USB-C Hub,2,28.59,15.0,48.6,7,3.0,No
ORD-10723,2025-04-06,West,Online,Wireless Earbuds,2,47.61,20.0,76.18,5,3.0,No
ORD-11197,2025-04-06,South,Store,Wireless Earbuds,4,50.86,5.0,193.28,0,4.0,No
ORD-10449,2025-04-07,East,Store,USB-C Hub,2,28.47,10.0,51.25,0,3.0,Yes
ORD-11193,2025-04-07,East,Online,Bluetooth Speaker,1,66.63,10.0,59.97,8,2.0,Yes
ORD-10061,2025-04-08,North,Online,Wireless Earbuds,3,49.21,15.0,125.48,3,5.0,No
ORD-10082,2025-04-08,South,Online,Laptop Stand,2,34.47,20.0,55.16,8,3.0,No
ORD-10574,2025-04-08,East,Store,Bluetooth Speaker,3,69.6,10.0,187.92,0,3.0,Yes
ORD-10722,2025-04-08,East,Online,Smart Watch,4,126.13,0.0,504.54,1,5.0,No
ORD-10984,2025-04-08,North,Online,Wireless Earbuds,2,49.89,10.0,89.8,7,2.0,Yes
ORD-10536,2025-04-09,South,Store,Wireless Earbuds,4,47.59,5.0,180.85,0,5.0,No
ORD-11043,2025-04-09,East,Online,Wireless Earbuds,3,50.47,20.0,121.13,2,3.0,No
ORD-11130,2025-04-09,North,Store,Laptop Stand,1,34.51,10.0,31.06,0,5.0,No
ORD-10268,2025-04-10,East,Online,Laptop Stand,2,32.41,5.0,61.57,1,4.0,No
ORD-11167,2025-04-11, East ,Online,USB-C Hub,4,28.78,0.0,115.13,1,4.0,No
ORD-10024,2025-04-12,West,Online,Wireless Earbuds,3,47.47,0.0,142.41,1,4.0,No
ORD-10809,2025-04-12,North,Online,USB-C Hub,3,29.94,0.0,89.83,8,1.0,Yes
ORD-11003,2025-04-12,East,Online,Wireless Earbuds,2,46.31,15.0,78.72,5,4.0,No
ORD-10159,2025-04-13,West,Online,Wireless Earbuds,4,49.88,0.0,199.53,1,4.0,No
ORD-10215,2025-04-13,North,Store,Smart Watch,3,128.36,15.0,327.31,0,4.0,No
ORD-10573,2025-04-13,South,Online,Wireless Earbuds,2,50.22,15.0,85.38,5,3.0,Yes
ORD-10818,2025-04-13,South,Online,Smart Watch,4,131.41,5.0,499.37,1,3.0,Yes
ORD-10979,2025-04-13,West,Online,Bluetooth Speaker,2,66.87,10.0,120.36,1,5.0,No
ORD-11083,2025-04-13,North,Online,USB-C Hub,1,29.71,5.0,28.22,7,3.0,No
ORD-10726,2025-04-14, East ,Store,Bluetooth Speaker,1,71.46,0.0,71.46,0,,No
ORD-10887,2025-04-14,South,Store,Bluetooth Speaker,4,65.55,10.0,235.99,0,5.0,No
ORD-11112,2025-04-14,South,Store,Laptop Stand,1,35.72,20.0,28.58,0,4.0,No
ORD-10011,2025-04-15,South,Online,Bluetooth Speaker,2,67.18,30.0,94.06,8,4.0,Yes
ORD-10947,2025-04-15,West,Store,Smart Watch,1,128.65,15.0,109.35,0,4.0,No
ORD-10693,2025-04-16,North,Online,USB-C Hub,4,29.21,10.0,105.17,7,3.0,No
ORD-11058,2025-04-16,South,Online,Laptop Stand,2,34.43,10.0,61.98,6,3.0,No
ORD-10915,2025-04-17,South,Online,Smart Watch,4,130.33,15.0,443.13,4,3.0,No
ORD-10962,2025-04-17,North,Store,Wireless Earbuds,3,48.0,0.0,143.99,0,5.0,No
ORD-10964,2025-04-17,East,Store,Bluetooth Speaker,2,68.16,10.0,122.69,0,5.0,No
ORD-11047,2025-04-17,West,Online,Laptop Stand,2,35.63,30.0,49.88,6,3.0,No
ORD-10783,2025-04-18,West,Online,Smart Watch,1,125.75,30.0,88.02,5,3.0,No
ORD-10807,2025-04-18,East,Online,Laptop Stand,1,35.32,10.0,31.79,8,3.0,No
ORD-10313,2025-04-19,West,Online,USB-C Hub,1,27.48,10.0,24.73,3,3.0,No
ORD-10371,2025-04-19,South,Online,Wireless Earbuds,3,47.05,0.0,141.16,5,4.0,No
ORD-10505,2025-04-19,South,Online,Wireless Earbuds,2,47.69,10.0,85.85,1,4.0,No
ORD-10010,2025-04-20,West,Store,Wireless Earbuds,4,50.92,0.0,203.68,0,5.0,No
ORD-10144,2025-04-20,South,Online,Wireless Earbuds,1,49.81,0.0,49.81,4,4.0,No
ORD-10323,2025-04-20,East,Online,Laptop Stand,4,33.58,0.0,134.32,2,4.0,No
ORD-10427,2025-04-20,North,Store,USB-C Hub,3,29.71,30.0,62.39,0,4.0,No
ORD-10520,2025-04-20,North,Online,Laptop Stand,2,36.59,5.0,69.51,5,3.0,No
ORD-10022,2025-04-21,North,Online,Wireless Earbuds,3,50.62,15.0,129.09,1,5.0,No
ORD-10431,2025-04-21,South,Online,Laptop Stand,4,33.75,0.0,135.02,7,2.0,Yes
ORD-10790,2025-04-21,West,Store,Smart Watch,3,126.86,0.0,380.57,0,4.0,No
ORD-11017,2025-04-21,South,Online,USB-C Hub,4,29.52,0.0,118.08,4,4.0,No
ORD-10338,2025-04-22,North,Online,Laptop Stand,4,36.41,20.0,116.52,3,3.0,No
ORD-10387,2025-04-22,West,Store,Smart Watch,3,129.03,10.0,348.39,0,4.0,No
ORD-10437,2025-04-22,North,Store,Wireless Earbuds,1,49.79,0.0,49.79,0,5.0,No
ORD-10501,2025-04-22,West,Online,Bluetooth Speaker,1,66.48,0.0,66.48,5,3.0,No
ORD-10538,2025-04-22,East,Online,Smart Watch,2,122.95,5.0,233.6,6,3.0,No
ORD-11060,2025-04-22,South,Online,Wireless Earbuds,1,49.28,5.0,46.81,1,4.0,No
ORD-10229,2025-04-23,South,Online,Wireless Earbuds,2,54.53,0.0,109.06,6,,No
ORD-10551,2025-04-23,West,Online,Smart Watch,3,131.4,5.0,374.49,3,3.0,Yes
ORD-10261,2025-04-24,North,Online,Laptop Stand,2,35.04,10.0,63.08,2,4.0,No
ORD-10307,2025-04-24,South,Online,Wireless Earbuds,1,48.53,10.0,43.68,3,4.0,No
ORD-10396,2025-04-24, North ,Online,Bluetooth Speaker,2,69.67,5.0,132.36,5,4.0,No
ORD-10601,2025-04-24,North,Online,Wireless Earbuds,1,49.25,0.0,49.25,2,3.0,No
ORD-10684,2025-04-24,West,Online,Wireless Earbuds,2,48.59,15.0,82.61,5,1.0,Yes
ORD-10987,2025-04-24,North,Online,USB-C Hub,3,28.75,0.0,86.26,8,2.0,Yes
ORD-10432,2025-04-25,North,Store,Bluetooth Speaker,2,68.81,5.0,130.75,0,3.0,No
ORD-10465,2025-04-25,West,Store,Smart Watch,1,130.84,5.0,124.29,0,5.0,No
ORD-10682,2025-04-25,North,Online,Wireless Earbuds,4,46.6,15.0,158.44,6,4.0,No
ORD-10996,2025-04-25,North,Online,Bluetooth Speaker,1,70.71,5.0,67.17,8,2.0,Yes
ORD-10764,2025-04-26,North,Online,Bluetooth Speaker,4,68.8,10.0,247.67,7,3.0,No
ORD-10985,2025-04-26,East,Online,Smart Watch,3,126.67,10.0,342.0,5,3.0,No
ORD-11020,2025-04-26,West,Online,USB-C Hub,4,30.11,10.0,108.39,3,4.0,No
ORD-11168,2025-04-26, South ,Store,Smart Watch,4,134.17,10.0,483.02,0,4.0,No
ORD-10424,2025-04-27,West,Store,Laptop Stand,2,35.94,10.0,64.69,0,4.0,No
ORD-10110,2025-04-28,East,Online,Laptop Stand,2,34.12,15.0,58.01,4,3.0,No
ORD-10190,2025-04-28,West,Online,Smart Watch,2,126.92,0.0,253.85,8,3.0,Yes
ORD-10609,2025-04-28,West,Store,Smart Watch,1,128.86,30.0,90.2,0,4.0,No
ORD-10971,2025-04-28,East,Store,Laptop Stand,3,35.43,20.0,85.03,0,,No
ORD-11076,2025-04-28,East,Online,Wireless Earbuds,1,49.22,10.0,44.3,2,5.0,No
ORD-10883,2025-04-29,East,Online,Wireless Earbuds,4,46.05,15.0,156.56,3,4.0,No
ORD-10462,2025-04-30,North,Online,Wireless Earbuds,4,49.13,0.0,196.5,6,3.0,No
ORD-10791,2025-04-30,South,Online,USB-C Hub,4,28.91,20.0,92.53,8,,No
ORD-10510,2025-05-01,East,Online,Smart Watch,2,128.57,20.0,205.71,6,3.0,No
ORD-10802,2025-05-01,South,Store,Wireless Earbuds,2,50.24,0.0,100.47,0,4.0,No
ORD-11151,2025-05-01,East,Online,Bluetooth Speaker,1,70.09,0.0,70.09,7,3.0,No
ORD-11169,2025-05-01,West,Store,USB-C Hub,3,29.12,0.0,87.37,0,5.0,No
ORD-10314,2025-05-02,East,Online,Laptop Stand,4,35.64,0.0,142.54,1,4.0,No
ORD-10563,2025-05-02,North,Online,Bluetooth Speaker,1,71.07,30.0,49.75,1,4.0,No
ORD-10836,2025-05-03,North,Store,USB-C Hub,3,29.43,5.0,83.88,0,5.0,No
ORD-10983,2025-05-03,East,Online,USB-C Hub,2,29.33,20.0,46.92,3,2.0,Yes
ORD-11190,2025-05-03,North,Online,Bluetooth Speaker,2,67.27,30.0,94.18,5,4.0,No
ORD-10422,2025-05-04,South,Online,Wireless Earbuds,1,47.78,10.0,43.0,6,2.0,Yes
ORD-10645,2025-05-04,East,Store,Laptop Stand,3,35.71,10.0,96.42,0,5.0,No
ORD-10743,2025-05-04,South,Online,Laptop Stand,2,34.62,5.0,65.79,4,3.0,No
ORD-10765,2025-05-04,South,Online,Smart Watch,4,127.32,0.0,509.29,6,2.0,No
ORD-10789,2025-05-04,East,Store,USB-C Hub,3,28.13,10.0,75.95,0,4.0,No
ORD-10928,2025-05-04,North,Online,USB-C Hub,3,28.39,15.0,72.38,4,4.0,No
ORD-10023,2025-05-05,East,Store,Bluetooth Speaker,2,70.61,0.0,141.22,0,5.0,No
ORD-10039,2025-05-05,North,Store,Laptop Stand,3,36.09,5.0,102.86,0,5.0,No
ORD-10266,2025-05-05,South,Store,Wireless Earbuds,3,50.36,5.0,143.53,0,5.0,No
ORD-10615,2025-05-05,West,Online,Bluetooth Speaker,3,67.69,20.0,162.45,4,4.0,No
ORD-10619,2025-05-05,West,Online,Smart Watch,1,134.5,5.0,127.77,5,3.0,No
ORD-10212,2025-05-06,East,Online,Smart Watch,3,129.62,0.0,388.87,2,,No
ORD-10515,2025-05-06,West,Store,USB-C Hub,3,28.96,0.0,86.87,0,4.0,No
ORD-10961,2025-05-06,North,Store,Bluetooth Speaker,1,68.83,0.0,68.83,0,5.0,No
ORD-11092,2025-05-06,East,Online,Wireless Earbuds,1,48.17,0.0,48.17,4,3.0,No
ORD-10260,2025-05-07,South,Online,Wireless Earbuds,1,47.99,0.0,47.99,4,4.0,No
ORD-10471,2025-05-07,West,Online,Laptop Stand,1,35.21,0.0,35.21,5,3.0,No
ORD-11057,2025-05-07,North,Online,Smart Watch,3,132.32,0.0,396.96,7,4.0,No
ORD-10970,2025-05-09,West,Store,Wireless Earbuds,1,50.81,10.0,45.73,0,5.0,No
ORD-10218,2025-05-10,West,Store,Smart Watch,2,134.74,0.0,269.48,0,4.0,No
ORD-10131,2025-05-11,West,Online,Wireless Earbuds,2,52.98,0.0,105.96,5,3.0,No
ORD-11157,2025-05-11,West,Online,Laptop Stand,3,35.06,0.0,105.18,2,4.0,No
ORD-10102,2025-05-12,East,Online,USB-C Hub,4,28.35,20.0,90.72,6,3.0,No
ORD-11109,2025-05-12,East,Store,Wireless Earbuds,4,49.0,10.0,176.38,0,4.0,No
ORD-10256,2025-05-13,East,Online,Wireless Earbuds,2,47.8,0.0,95.59,3,4.0,No
ORD-10461,2025-05-13,East,Online,USB-C Hub,2,29.15,10.0,52.47,7,3.0,No
ORD-10635,2025-05-13, East ,Online,Wireless Earbuds,3,48.8,15.0,124.43,2,4.0,No
ORD-11039,2025-05-13,South,Online,Wireless Earbuds,4,51.22,0.0,204.89,2,4.0,No
ORD-10907,2025-05-14,North,Store,USB-C Hub,1,28.42,0.0,28.42,0,4.0,No
ORD-10074,2025-05-15,North,Online,Bluetooth Speaker,2,70.59,0.0,141.18,1,4.0,No
ORD-10196,2025-05-16,South,Online,Laptop Stand,3,33.46,0.0,100.39,1,4.0,No
ORD-10502,2025-05-16,North,Store,USB-C Hub,1,28.51,5.0,27.08,0,5.0,No
ORD-10564,2025-05-16,West,Online,Wireless Earbuds,3,50.7,10.0,136.88,1,5.0,No
ORD-10974,2025-05-16,East,Online,USB-C Hub,2,28.47,5.0,54.09,3,4.0,No
ORD-10289,2025-05-17,East,Online,Laptop Stand,3,34.49,30.0,72.43,7,2.0,No
ORD-10649,2025-05-17,East,Online,Wireless Earbuds,3,48.41,15.0,123.46,7,2.0,Yes
ORD-11014,2025-05-17,North,Store,Laptop Stand,2,34.18,10.0,61.53,0,4.0,No
ORD-10169,2025-05-18,South,Store,USB-C Hub,1,27.31,0.0,27.31,0,5.0,No
ORD-10176,2025-05-18,South,Online,Wireless Earbuds,1,49.93,5.0,47.44,5,3.0,No
ORD-10337,2025-05-18,South,Store,Bluetooth Speaker,2,68.92,10.0,124.05,0,5.0,No
ORD-10411,2025-05-18,North,Online,Bluetooth Speaker,2,69.39,10.0,124.9,7,3.0,No
ORD-10500,2025-05-18,North,Online,Wireless Earbuds,3,51.3,10.0,138.5,2,4.0,No
ORD-10550,2025-05-18,East,Store,Smart Watch,1,128.5,5.0,122.08,0,4.0,No
ORD-10933,2025-05-18,East,Online,USB-C Hub,4,26.99,5.0,102.58,4,4.0,No
ORD-10982,2025-05-18,West,Store,USB-C Hub,2,29.45,0.0,58.91,0,5.0,No
ORD-11042,2025-05-18,East,Online,Laptop Stand,4,33.06,30.0,92.58,7,4.0,No
ORD-11079,2025-05-18,South,Store,Wireless Earbuds,2,48.88,10.0,87.98,0,4.0,No
ORD-11177,2025-05-18,North,Online,Bluetooth Speaker,3,69.76,5.0,198.82,5,3.0,No
ORD-10063,2025-05-19,South,Online,Wireless Earbuds,1,47.84,15.0,40.67,8,3.0,Yes
ORD-10116,2025-05-19,West,Online,Wireless Earbuds,4,47.02,0.0,188.08,3,4.0,No
ORD-10482,2025-05-19,North,Online,Wireless Earbuds,1,51.35,0.0,51.35,7,1.0,Yes
ORD-10492,2025-05-19,East,Online,Laptop Stand,2,35.83,10.0,64.5,5,5.0,No
ORD-10614,2025-05-19,East,Online,Bluetooth Speaker,2,63.85,0.0,127.71,6,,No
ORD-10920,2025-05-19,West,Online,Wireless Earbuds,1,49.66,5.0,47.18,3,3.0,No
ORD-10957,2025-05-19,East,Online,Bluetooth Speaker,1,70.51,5.0,66.98,2,5.0,No
ORD-10113,2025-05-20,East,Online,Laptop Stand,1,34.96,10.0,31.46,3,,No
ORD-10630,2025-05-20, South ,Store,Bluetooth Speaker,3,70.32,0.0,210.95,0,4.0,No
ORD-10739,2025-05-20,East,Online,Smart Watch,1,126.33,5.0,120.01,7,,Yes
ORD-10813,2025-05-20,West,Store,USB-C Hub,1,29.79,10.0,26.82,0,5.0,No
ORD-10932,2025-05-20,East,Online,Laptop Stand,3,35.02,5.0,99.82,3,3.0,No
ORD-11041,2025-05-20,East,Online,Wireless Earbuds,4,49.26,10.0,177.35,7,1.0,Yes
ORD-11101,2025-05-20,South,Online,Wireless Earbuds,4,48.76,5.0,185.28,5,,No
ORD-11191,2025-05-20,East,Store,Wireless Earbuds,2,48.56,0.0,97.12,0,4.0,No
ORD-10447,2025-05-21,West,Online,Wireless Earbuds,4,48.48,5.0,184.24,6,2.0,Yes
ORD-11069,2025-05-21,East,Online,Bluetooth Speaker,3,70.54,0.0,211.62,5,3.0,No
ORD-10108,2025-05-22,East,Online,Laptop Stand,4,35.25,10.0,126.88,8,3.0,No
ORD-10624,2025-05-22,South,Online,Bluetooth Speaker,1,67.8,0.0,67.8,5,3.0,No
ORD-10636,2025-05-22,North,Online,Wireless Earbuds,3,50.09,20.0,120.22,1,5.0,No
ORD-11183,2025-05-22,North,Online,Laptop Stand,3,37.21,10.0,100.46,5,4.0,No
ORD-10683,2025-05-23,North,Store,Smart Watch,4,128.22,0.0,512.89,0,5.0,No
ORD-10944,2025-05-23,South,Online,Wireless Earbuds,3,49.71,15.0,126.76,3,4.0,No
ORD-10119,2025-05-24,North,Online,USB-C Hub,4,30.43,0.0,121.71,2,4.0,No
ORD-10700,2025-05-24,West,Online,Bluetooth Speaker,3,72.74,0.0,218.21,2,4.0,No
ORD-10797,2025-05-24,South,Online,Smart Watch,2,130.99,30.0,183.38,1,3.0,No
ORD-10259,2025-05-25,North,Online,Bluetooth Speaker,4,67.21,,255.39,7,3.0,Yes
ORD-10600,2025-05-25,West,Store,Wireless Earbuds,4,50.65,0.0,202.59,0,3.0,No
ORD-10734,2025-05-25,North,Store,Laptop Stand,4,33.8,15.0,114.92,0,4.0,No
ORD-10916,2025-05-25,North,Online,Smart Watch,4,126.86,10.0,456.69,4,3.0,No
ORD-11063,2025-05-25,South,Online,USB-C Hub,2,27.6,10.0,49.67,1,5.0,No
ORD-11089,2025-05-25,North,Store,Smart Watch,4,133.2,0.0,532.81,0,3.0,No
ORD-11195,2025-05-25,South,Online,Wireless Earbuds,1,49.94,10.0,44.95,3,3.0,No
ORD-10316,2025-05-26,East,Online,Wireless Earbuds,4,48.06,30.0,134.56,8,4.0,No
ORD-10115,2025-05-27,West,Online,Smart Watch,4,128.01,0.0,512.06,5,2.0,No
ORD-10134,2025-05-27,East,Online,Wireless Earbuds,2,47.59,15.0,80.9,7,3.0,No
ORD-10867,2025-05-27,East,Online,Wireless Earbuds,2,49.45,5.0,93.96,6,2.0,No
ORD-11119,2025-05-27,North,Online,Wireless Earbuds,1,49.53,10.0,44.57,1,4.0,No
ORD-10591,2025-05-28,North,Online,Wireless Earbuds,2,50.33,5.0,95.62,5,,Yes
ORD-10137,2025-05-29,West,Store,Laptop Stand,4,34.91,15.0,118.7,0,5.0,No
ORD-10912,2025-05-29,South,Online,USB-C Hub,2,30.09,15.0,51.15,8,2.0,Yes
ORD-11138,2025-05-29,West,Store,Bluetooth Speaker,3,67.56,5.0,192.56,0,5.0,No
ORD-10178,2025-05-30,North,Online,Laptop Stand,4,35.26,10.0,126.94,6,3.0,No
ORD-10856,2025-05-30,East,Store,Smart Watch,4,131.33,5.0,499.06,0,4.0,No
ORD-10227,2025-05-31,North,Store,Wireless Earbuds,2,48.53,0.0,97.05,0,4.0,No
ORD-10290,2025-05-31,West,Store,Wireless Earbuds,3,50.07,30.0,105.14,0,4.0,No
ORD-10345,2025-05-31,East,Store,Wireless Earbuds,2,47.41,10.0,85.33,0,5.0,No
ORD-10352,2025-05-31,East,Store,Wireless Earbuds,1,47.44,0.0,47.44,0,5.0,No
ORD-10201,2025-06-01,North,Store,Bluetooth Speaker,3,67.9,,203.69,0,5.0,No
ORD-10830,2025-06-01,North,Online,Smart Watch,1,127.65,15.0,108.5,6,3.0,No
ORD-10238,2025-06-02,North,Online,USB-C Hub,4,29.42,0.0,117.69,3,4.0,No
ORD-10839,2025-06-02,South,Store,Laptop Stand,1,35.58,0.0,35.58,0,5.0,No
ORD-10911,2025-06-02,North,Online,Wireless Earbuds,1,48.77,0.0,48.77,7,3.0,No
ORD-11140,2025-06-02,East,Store,Wireless Earbuds,4,48.26,10.0,173.75,0,4.0,No
ORD-10616,2025-06-03,South,Store,USB-C Hub,2,28.78,10.0,51.8,0,5.0,No
ORD-10958,2025-06-03, North ,Online,USB-C Hub,4,28.89,0.0,115.57,8,2.0,No
ORD-11002,2025-06-03,West,Online,Laptop Stand,2,35.71,10.0,64.27,1,4.0,No
ORD-11200,2025-06-03,West,Online,Wireless Earbuds,2,49.23,0.0,98.47,7,3.0,No
ORD-10921,2025-06-04,East,Store,Wireless Earbuds,2,49.46,20.0,79.14,0,4.0,No
ORD-11066,2025-06-04,East,Store,Laptop Stand,2,36.61,0.0,73.22,0,5.0,No
ORD-10286,2025-06-05,West,Online,Wireless Earbuds,4,49.09,5.0,186.56,8,2.0,No
ORD-10705,2025-06-05,South,Online,USB-C Hub,4,29.04,0.0,116.18,6,4.0,No
ORD-10899,2025-06-05,East,Online,Laptop Stand,4,35.32,0.0,141.29,1,,No
ORD-10206,2025-06-06,South,Online,Bluetooth Speaker,1,70.91,0.0,70.91,1,3.0,No
ORD-10296,2025-06-06,South,Online,USB-C Hub,3,27.91,0.0,83.73,5,4.0,No
ORD-10966,2025-06-07,South,Store,Bluetooth Speaker,2,71.22,5.0,135.33,0,4.0,No
ORD-10209,2025-06-08,South,Store,Laptop Stand,4,33.5,30.0,93.81,0,4.0,No
ORD-10375,2025-06-08,South,Online,Laptop Stand,4,35.4,10.0,127.43,6,3.0,No
ORD-10435,2025-06-08,North,Store,Wireless Earbuds,4,47.93,10.0,172.55,0,4.0,No
ORD-10546,2025-06-08,East,Online,Laptop Stand,4,33.26,0.0,133.04,8,4.0,No
ORD-10621,2025-06-08,South,Store,USB-C Hub,3,29.91,0.0,89.73,0,4.0,Yes
ORD-10653,2025-06-08, East ,Online,Laptop Stand,2,36.2,5.0,68.77,7,3.0,Yes
ORD-10828,2025-06-08,North,Online,Laptop Stand,4,35.12,10.0,126.42,2,4.0,No
ORD-10403,2025-06-09,North,Store,Laptop Stand,3,35.37,15.0,90.2,0,5.0,No
ORD-11096,2025-06-09,West,Online,Wireless Earbuds,2,46.57,0.0,93.13,5,1.0,Yes
ORD-10121,2025-06-10,South,Online,Wireless Earbuds,1,48.27,0.0,48.27,3,4.0,No
ORD-10130,2025-06-10,North,Online,Smart Watch,3,137.55,0.0,412.65,7,2.0,No
ORD-10815,2025-06-10,North,Online,USB-C Hub,2,29.25,0.0,58.5,8,2.0,Yes
ORD-10059,2025-06-11,West,Store,Smart Watch,3,127.41,0.0,382.24,0,,No
ORD-10757,2025-06-11,South,Store,Wireless Earbuds,1,46.74,0.0,46.74,0,3.0,No
ORD-11102,2025-06-11,West,Store,USB-C Hub,2,29.11,10.0,52.41,0,5.0,No
ORD-10028,2025-06-12,West,Online,Wireless Earbuds,1,50.21,20.0,40.17,5,3.0,No
ORD-10049,2025-06-12,South,Online,Wireless Earbuds,4,47.85,10.0,172.27,8,4.0,No
ORD-10123,2025-06-12,North,Online,Bluetooth Speaker,2,68.55,0.0,137.1,3,3.0,Yes
ORD-10272,2025-06-12,North,Store,Wireless Earbuds,1,46.97,10.0,42.28,0,4.0,No
ORD-10612,2025-06-12,North,Online,Wireless Earbuds,3,49.4,10.0,133.39,1,3.0,Yes
ORD-10664,2025-06-12,West,Online,USB-C Hub,3,29.21,0.0,87.63,2,4.0,No
ORD-11032,2025-06-12,North,Online,Wireless Earbuds,3,47.71,10.0,128.81,1,4.0,No
ORD-10191,2025-06-13,North,Store,Bluetooth Speaker,3,67.84,15.0,173.0,0,5.0,No
ORD-10685,2025-06-13,West,Store,USB-C Hub,4,28.3,5.0,107.53,0,3.0,Yes
ORD-10938,2025-06-13,South,Store,USB-C Hub,2,27.97,0.0,55.94,0,5.0,No
ORD-10972,2025-06-13,East,Online,Smart Watch,4,128.52,0.0,514.08,7,2.0,Yes
ORD-10587,2025-06-14,South,Online,Wireless Earbuds,2,48.44,10.0,87.19,1,4.0,No
ORD-11135,2025-06-14,North,Online,Laptop Stand,4,35.27,30.0,98.75,7,2.0,No
ORD-10453,2025-06-15,East,Online,Laptop Stand,3,34.82,15.0,88.8,3,3.0,No
ORD-10553,2025-06-15,North,Online,Laptop Stand,3,34.06,0.0,102.17,1,4.0,No
ORD-10669,2025-06-15,West,Online,Laptop Stand,3,34.78,10.0,93.91,5,3.0,No
ORD-10837,2025-06-15,North,Online,Smart Watch,2,122.61,20.0,196.17,5,3.0,No
ORD-10874,2025-06-15,West,Store,USB-C Hub,3,28.39,0.0,85.17,0,4.0,No
ORD-10892,2025-06-15,North,Online,Smart Watch,1,130.41,0.0,130.41,5,4.0,No
ORD-10669,2025-06-15,West,Online,Laptop Stand,3,34.78,10.0,93.91,5,3.0,No
ORD-10335,2025-06-16,South,Store,Wireless Earbuds,1,48.87,0.0,48.87,0,4.0,No
ORD-10395,2025-06-16,West,Online,Bluetooth Speaker,4,71.18,0.0,284.72,2,4.0,No
ORD-10486,2025-06-16,South,Online,Laptop Stand,1,35.36,15.0,30.05,4,4.0,No
ORD-10512,2025-06-16,South,Online,Laptop Stand,1,36.49,0.0,36.49,4,3.0,No
ORD-10688,2025-06-16,East,Store,Laptop Stand,4,36.42,0.0,145.67,0,4.0,No
ORD-11012,2025-06-17,North,Online,Smart Watch,3,131.58,0.0,394.73,6,3.0,No
ORD-11126,2025-06-17,East,Online,Laptop Stand,2,35.72,0.0,71.45,3,3.0,No
ORD-11012,2025-06-17,North,Online,Smart Watch,3,131.58,0.0,394.73,6,3.0,No
ORD-10821,2025-06-18,West,Online,Smart Watch,4,122.47,10.0,440.89,8,2.0,Yes
ORD-10772,2025-06-19,West,Store,USB-C Hub,4,29.37,20.0,93.98,0,4.0,No
ORD-10020,2025-06-20,North,Store,USB-C Hub,1,28.85,10.0,25.96,0,4.0,No
ORD-10041,2025-06-20,West,Online,Wireless Earbuds,4,49.64,10.0,178.71,2,4.0,No
ORD-10054,2025-06-20,South,Store,Wireless Earbuds,4,50.08,15.0,170.27,0,4.0,No
ORD-10186,2025-06-20,North,Online,Wireless Earbuds,3,50.31,5.0,143.4,1,4.0,No
ORD-10342,2025-06-20,North,Online,Smart Watch,2,127.27,20.0,203.63,4,4.0,No
ORD-10415,2025-06-20,North,Online,Wireless Earbuds,3,48.93,15.0,124.78,1,3.0,Yes
ORD-10467,2025-06-20,South,Online,USB-C Hub,1,27.17,20.0,21.74,5,4.0,No
ORD-10902,2025-06-20,East,Store,USB-C Hub,1,28.72,10.0,25.85,0,4.0,No
ORD-10922,2025-06-20,West,Online,Wireless Earbuds,2,49.42,0.0,98.84,5,4.0,No
ORD-11005,2025-06-20,North,Online,Smart Watch,1,127.32,0.0,127.32,1,4.0,No
ORD-10321,2025-06-21,South,Online,Smart Watch,1,126.3,20.0,101.04,4,,No
ORD-10854,2025-06-21,East,Store,Wireless Earbuds,1,49.07,20.0,39.25,0,4.0,No
ORD-11141,2025-06-21,South,Store,USB-C Hub,2,29.86,0.0,59.71,0,5.0,No
ORD-10093,2025-06-22,East,Online,Smart Watch,2,128.35,10.0,231.04,6,3.0,No
ORD-10678,2025-06-22,South,Online,Smart Watch,2,126.76,0.0,253.52,2,3.0,No
ORD-11008,2025-06-22,North,Online,Smart Watch,4,131.12,10.0,472.03,1,3.0,Yes
ORD-10617,2025-06-23,North,Store,Bluetooth Speaker,4,70.78,20.0,226.5,0,,No
ORD-10855,2025-06-23,South,Online,Smart Watch,4,131.15,0.0,524.6,1,4.0,No
ORD-11048,2025-06-23,West,Store,USB-C Hub,1,28.32,5.0,26.9,0,3.0,No
ORD-11122,2025-06-23,West,Store,Wireless Earbuds,3,47.97,0.0,143.91,0,5.0,No
ORD-10029,2025-06-24,North,Online,Laptop Stand,2,34.89,0.0,69.78,7,3.0,Yes
ORD-10189,2025-06-24,North,Online,Wireless Earbuds,4,48.87,20.0,156.38,3,3.0,No
ORD-10332,2025-06-24,North,Store,Wireless Earbuds,4,46.96,0.0,187.83,0,4.0,No
ORD-10731,2025-06-25,West,Online,USB-C Hub,1,27.4,0.0,27.4,5,3.0,No
ORD-10153,2025-06-26,East,Online,Laptop Stand,4,34.64,15.0,117.79,6,3.0,Yes
ORD-10716,2025-06-26,North,Online,Laptop Stand,2,35.56,20.0,56.9,6,4.0,No
ORD-10245,2025-06-27,South,Online,Smart Watch,4,128.48,10.0,462.54,4,3.0,No
ORD-10541,2025-06-27,North,Online,Laptop Stand,1,35.25,5.0,33.49,2,3.0,No
ORD-10075,2025-06-28,East,Online,Laptop Stand,4,35.43,30.0,99.2,5,3.0,Yes
ORD-11080,2025-06-28,West,Online,USB-C Hub,1,28.44,30.0,19.91,8,2.0,Yes
ORD-11098,2025-06-28,South,Online,Laptop Stand,3,34.45,0.0,103.35,7,3.0,Yes
ORD-10473,2025-06-29,East,Online,Laptop Stand,2,35.82,15.0,60.9,1,5.0,No
ORD-11031,2025-06-29,North,Store,Smart Watch,1,131.69,15.0,111.94,0,4.0,No
ORD-10949,2025-06-30,North,Online,Wireless Earbuds,4,49.49,10.0,178.18,5,3.0,Yes
ORD-10988,2025-06-30,West,Online,Wireless Earbuds,1,49.11,0.0,49.11,2,5.0,No
ORD-10998,2025-06-30,South,Online,Laptop Stand,4,34.08,0.0,136.3,8,3.0,Yes
ORD-10062,2025-07-01,West,Store,Wireless Earbuds,3,48.97,5.0,139.57,0,4.0,Yes
ORD-10145,2025-07-01,West,Online,USB-C Hub,3,28.99,5.0,82.62,2,4.0,No
ORD-10443,2025-07-01,East,Store,Wireless Earbuds,2,48.24,10.0,86.83,0,5.0,No
ORD-10758,2025-07-01,North,Store,Smart Watch,3,131.23,0.0,393.69,0,3.0,Yes
ORD-11105,2025-07-01,South,Online,Wireless Earbuds,2,48.7,10.0,87.65,3,5.0,No
ORD-10015,2025-07-02,South,Online,Wireless Earbuds,4,49.66,0.0,198.64,1,4.0,No
ORD-10527,2025-07-03,South,Online,Bluetooth Speaker,4,68.57,5.0,260.56,7,3.0,No
ORD-10708,2025-07-03,North,Online,USB-C Hub,3,30.1,0.0,90.3,5,4.0,No
ORD-10926,2025-07-03,East,Online,Wireless Earbuds,2,49.32,15.0,83.85,8,2.0,Yes
ORD-10030,2025-07-04,South,Online,Wireless Earbuds,2,49.19,15.0,83.62,5,4.0,No
ORD-10756,2025-07-04,West,Online,Bluetooth Speaker,2,70.42,0.0,140.84,4,3.0,Yes
ORD-10033,2025-07-05,South,Online,Wireless Earbuds,3,49.01,0.0,147.02,6,2.0,Yes
ORD-10098,2025-07-05,North,Online,Laptop Stand,4,35.54,15.0,120.82,3,4.0,No
ORD-11133,2025-07-05,East,Online,Bluetooth Speaker,1,69.66,0.0,69.66,7,4.0,No
ORD-11133,2025-07-05,East,Online,Bluetooth Speaker,1,69.66,0.0,69.66,7,4.0,No
ORD-10086,2025-07-06,East,Store,Wireless Earbuds,2,48.12,0.0,96.25,0,5.0,No
ORD-10969,2025-07-06,South,Online,Laptop Stand,2,34.51,5.0,65.57,8,2.0,Yes
ORD-11025,2025-07-06,West,Online,USB-C Hub,3,27.28,10.0,73.64,3,4.0,No
ORD-10052,2025-07-07,East,Store,Wireless Earbuds,4,50.96,15.0,173.27,0,4.0,No
ORD-10060,2025-07-07,West,Store,Wireless Earbuds,1,46.55,,37.24,0,4.0,No
ORD-10248,2025-07-07,South,Online,Wireless Earbuds,3,49.14,5.0,140.04,6,3.0,Yes
ORD-10703,2025-07-07,East,Online,Wireless Earbuds,4,50.37,5.0,191.42,4,4.0,No
ORD-10769,2025-07-07,East,Store,Smart Watch,2,130.76,15.0,222.29,0,4.0,No
ORD-10808,2025-07-07,West,Online,Wireless Earbuds,4,48.24,0.0,192.94,7,4.0,No
ORD-10889,2025-07-07,North,Online,Bluetooth Speaker,3,68.73,10.0,185.58,4,3.0,No
ORD-11192,2025-07-07, East ,Online,Laptop Stand,4,36.0,10.0,129.59,2,,No
ORD-10276,2025-07-08,North,Online,Wireless Earbuds,4,50.2,0.0,200.79,1,3.0,No
ORD-10728,2025-07-08,North,Store,Wireless Earbuds,4,48.12,15.0,163.6,0,4.0,No
ORD-11021,2025-07-08,South,Online,USB-C Hub,1,28.72,5.0,27.28,3,4.0,No
ORD-10220,2025-07-09,South,Store,Smart Watch,2,132.35,0.0,264.69,0,5.0,No
ORD-10298,2025-07-09,West,Store,Laptop Stand,2,37.33,20.0,59.72,0,4.0,No
ORD-10568,2025-07-09,North,Online,USB-C Hub,4,28.58,0.0,114.33,6,,No
ORD-10278,2025-07-10,East,Online,Wireless Earbuds,1,49.7,5.0,47.21,5,3.0,Yes
ORD-10208,2025-07-11,East,Store,Wireless Earbuds,2,51.6,0.0,103.19,0,4.0,No
ORD-10368,2025-07-11,East,Store,Laptop Stand,4,34.92,20.0,111.75,0,5.0,No
ORD-10499,2025-07-11,West,Store,Bluetooth Speaker,1,68.58,15.0,58.29,0,4.0,No
ORD-10860,2025-07-11,West,Store,USB-C Hub,4,29.09,0.0,116.35,0,4.0,No
ORD-11050,2025-07-11,West,Store,USB-C Hub,3,28.1,10.0,75.87,0,5.0,No
ORD-10724,2025-07-12,South,Online,Laptop Stand,2,34.35,15.0,58.39,8,3.0,No
ORD-10221,2025-07-13,West,Store,Wireless Earbuds,2,49.11,15.0,83.48,0,5.0,No
ORD-10081,2025-07-14,North,Online,Wireless Earbuds,3,49.88,20.0,119.7,6,3.0,Yes
ORD-10149,2025-07-14,South,Store,Bluetooth Speaker,2,72.54,0.0,145.09,0,5.0,No
ORD-10559,2025-07-14,North,Store,USB-C Hub,4,30.21,20.0,96.67,0,4.0,No
ORD-10843,2025-07-14,North,Store,Bluetooth Speaker,4,68.16,5.0,259.02,0,3.0,No
ORD-11019,2025-07-14,East,Store,Laptop Stand,2,35.26,10.0,63.46,0,,No
ORD-10576,2025-07-15,North,Store,Smart Watch,1,137.07,10.0,123.37,0,4.0,No
ORD-10661,2025-07-15,South,Online,USB-C Hub,4,28.88,15.0,98.2,4,3.0,No
ORD-10732,2025-07-15,East,Online,Smart Watch,4,127.15,0.0,508.6,4,3.0,No
ORD-10400,2025-07-16,North,Online,Wireless Earbuds,4,47.55,10.0,171.2,2,4.0,No
ORD-10504,2025-07-16,North,Store,USB-C Hub,3,28.58,10.0,77.16,0,5.0,No
ORD-10859,2025-07-16,South,Online,Bluetooth Speaker,1,66.83,0.0,66.83,4,3.0,No
ORD-10096,2025-07-17,South,Store,Laptop Stand,2,35.39,10.0,63.71,0,5.0,No
ORD-10299,2025-07-17,East,Online,Laptop Stand,2,35.5,5.0,67.45,7,4.0,No
ORD-10622,2025-07-17,West,Online,Wireless Earbuds,2,50.87,5.0,96.66,6,3.0,No
ORD-10997,2025-07-17,East,Online,Laptop Stand,4,34.65,0.0,138.58,4,3.0,No
ORD-10745,2025-07-18,North,Online,Wireless Earbuds,1,48.39,5.0,45.97,7,3.0,No
ORD-10125,2025-07-19,West,Online,Wireless Earbuds,3,47.66,5.0,135.83,2,4.0,No
ORD-10188,2025-07-19,North,Store,Wireless Earbuds,1,47.55,0.0,47.55,0,4.0,No
ORD-10759,2025-07-19,West,Online,Laptop Stand,2,34.01,0.0,68.03,6,3.0,No
ORD-11016,2025-07-19,East,Store,Wireless Earbuds,3,48.1,10.0,129.88,0,5.0,No
ORD-10626,2025-07-20,North,Store,Laptop Stand,4,35.97,15.0,122.3,0,4.0,No
ORD-10166,2025-07-21,North,Online,USB-C Hub,4,28.46,0.0,113.85,3,4.0,No
ORD-10842,2025-07-21,North,Store,Smart Watch,4,136.03,20.0,435.29,0,4.0,No
ORD-10878,2025-07-21,West,Online,USB-C Hub,4,28.61,0.0,114.42,1,4.0,No
ORD-10032,2025-07-22,North,Store,USB-C Hub,2,30.53,15.0,51.9,0,4.0,No
ORD-10898,2025-07-22,North,Store,Wireless Earbuds,2,47.55,0.0,95.1,0,5.0,No
ORD-10581,2025-07-23,East,Online,Laptop Stand,3,35.53,5.0,101.27,2,4.0,No
ORD-10868,2025-07-23,West,Online,Wireless Earbuds,4,47.63,0.0,190.51,7,3.0,No
ORD-10914,2025-07-23,East,Store,Laptop Stand,4,35.51,0.0,142.03,0,4.0,No
ORD-10950,2025-07-23,North,Online,Wireless Earbuds,2,51.18,10.0,92.13,3,3.0,No
ORD-10129,2025-07-24,West,Store,Wireless Earbuds,2,48.94,5.0,92.98,0,4.0,No
ORD-10129,2025-07-24,West,Store,Wireless Earbuds,2,48.94,5.0,92.98,0,4.0,No
ORD-10161,2025-07-25,South,Store,Smart Watch,4,121.38,0.0,485.54,0,3.0,Yes
ORD-10478,2025-07-25,North,Online,USB-C Hub,2,28.45,0.0,56.9,6,4.0,No
ORD-10866,2025-07-25,North,Online,Smart Watch,4,128.81,0.0,515.24,6,3.0,No
ORD-10384,2025-07-26,West,Online,Wireless Earbuds,4,49.54,20.0,158.52,2,4.0,No
ORD-10158,2025-07-27,West,Store,Wireless Earbuds,1,50.78,10.0,45.7,0,4.0,No
ORD-10174,2025-07-27,East,Store,USB-C Hub,2,29.01,5.0,55.12,0,5.0,No
ORD-10185,2025-07-27,West,Online,USB-C Hub,3,28.45,0.0,85.35,8,2.0,Yes
ORD-10713,2025-07-27,West,Store,Wireless Earbuds,1,51.04,10.0,45.94,0,4.0,No
ORD-10967,2025-07-27,South,Online,Laptop Stand,3,33.67,0.0,101.0,8,2.0,Yes
ORD-10397,2025-07-28,East,Online,USB-C Hub,4,28.08,0.0,112.34,1,4.0,No
ORD-11184,2025-07-28,West,Online,Smart Watch,3,126.08,10.0,340.42,8,2.0,Yes
ORD-10264,2025-07-29,North,Store,Smart Watch,1,128.86,30.0,90.2,0,4.0,No
ORD-10410,2025-07-29,North,Store,USB-C Hub,3,29.24,0.0,87.72,0,4.0,No
ORD-10446,2025-07-29,South,Online,Smart Watch,1,127.07,15.0,108.01,3,3.0,No
ORD-10662,2025-07-29,North,Online,Smart Watch,2,132.28,20.0,211.65,2,3.0,No
ORD-10117,2025-07-30,East,Store,Smart Watch,4,134.24,0.0,536.95,0,3.0,Yes
ORD-10231,2025-07-30,East,Online,USB-C Hub,4,30.54,0.0,122.15,1,4.0,No
ORD-10283,2025-07-30,East,Store,Wireless Earbuds,4,48.07,5.0,182.65,0,5.0,No
ORD-10814,2025-07-30,North,Online,Wireless Earbuds,4,47.34,10.0,170.42,1,4.0,No
ORD-10005,2025-07-31,South,Store,Wireless Earbuds,3,49.27,0.0,147.8,0,5.0,No
ORD-10284,2025-07-31,West,Store,Smart Watch,4,128.4,10.0,462.23,0,4.0,No
ORD-10421,2025-07-31,West,Store,USB-C Hub,3,29.19,5.0,83.19,0,4.0,No
ORD-10518,2025-07-31,East,Online,Laptop Stand,4,34.14,10.0,122.92,2,5.0,No
ORD-10948,2025-07-31,North,Online,USB-C Hub,1,28.37,0.0,28.37,4,4.0,No
ORD-11037,2025-07-31,North,Store,Laptop Stand,4,34.49,5.0,131.08,0,3.0,Yes
ORD-10031,2025-08-01,North,Online,Laptop Stand,1,35.32,20.0,28.25,2,5.0,No
ORD-10173,2025-08-01,West,Online,Smart Watch,1,120.17,0.0,120.17,1,4.0,No
ORD-10976,2025-08-01,East,Online,Wireless Earbuds,2,49.43,0.0,98.85,6,4.0,No
ORD-10445,2025-08-02, East ,Store,Laptop Stand,3,33.62,0.0,100.85,0,4.0,No
ORD-10819,2025-08-02,West,Online,Wireless Earbuds,2,48.21,15.0,81.95,6,4.0,No
ORD-10956,2025-08-02,North,Online,Wireless Earbuds,2,49.25,20.0,78.8,8,3.0,No
ORD-11149,2025-08-03,North,Store,Wireless Earbuds,4,50.1,5.0,190.36,0,3.0,Yes
ORD-10120,2025-08-04,East,Store,Laptop Stand,1,35.82,0.0,35.82,0,4.0,No
ORD-10214,2025-08-04,East,Online,Smart Watch,4,129.11,10.0,464.8,7,2.0,Yes
ORD-10388,2025-08-04, East ,Store,Smart Watch,1,124.84,0.0,124.84,0,3.0,No
ORD-10491,2025-08-04,East,Online,Smart Watch,1,128.38,5.0,121.96,5,3.0,No
ORD-10607,2025-08-04,East,Online,Wireless Earbuds,2,49.77,20.0,79.63,2,5.0,No
ORD-10327,2025-08-05,North,Store,USB-C Hub,3,28.9,5.0,82.36,0,3.0,No
ORD-10805,2025-08-05,East,Online,Bluetooth Speaker,2,68.69,10.0,123.65,2,3.0,No
ORD-10882,2025-08-05,South,Online,Laptop Stand,2,34.45,0.0,68.9,3,5.0,No
ORD-11085,2025-08-05,West,Online,Wireless Earbuds,4,47.82,0.0,191.26,5,,No
ORD-10334,2025-08-06,West,Store,Laptop Stand,4,35.19,0.0,140.77,0,4.0,No
ORD-10489,2025-08-06,South,Online,Wireless Earbuds,1,46.8,5.0,44.46,4,3.0,No
ORD-10513,2025-08-06,South,Online,Wireless Earbuds,3,49.41,10.0,133.41,1,4.0,No
ORD-10800,2025-08-06,North,Store,Wireless Earbuds,3,47.9,15.0,122.15,0,5.0,No
ORD-11029,2025-08-06,North,Store,Wireless Earbuds,1,52.19,0.0,52.19,0,5.0,No
ORD-10104,2025-08-07,East,Store,USB-C Hub,2,28.76,10.0,51.76,0,3.0,No
ORD-10109,2025-08-07,West,Store,Wireless Earbuds,3,49.91,10.0,134.75,0,5.0,No
ORD-10766,2025-08-07, North ,Store,USB-C Hub,3,27.93,0.0,83.8,0,,No
ORD-11199,2025-08-07,South,Store,USB-C Hub,2,29.49,10.0,53.08,0,4.0,No
ORD-11156,2025-08-08,East,Online,Wireless Earbuds,1,50.84,20.0,40.67,6,3.0,No
ORD-10122,2025-08-09,East,Online,USB-C Hub,2,29.81,0.0,59.62,1,5.0,No
ORD-10330,2025-08-09,East,Online,Bluetooth Speaker,4,72.91,10.0,262.49,7,3.0,No
ORD-10599,2025-08-09,East,Online,Wireless Earbuds,1,47.27,10.0,42.54,6,2.0,Yes
ORD-10155,2025-08-10,North,Store,Wireless Earbuds,4,48.66,10.0,175.18,0,5.0,No
ORD-10715,2025-08-10,West,Online,Laptop Stand,1,33.68,5.0,31.99,6,,No
ORD-11188,2025-08-10,East,Online,Wireless Earbuds,2,50.87,0.0,101.74,8,3.0,Yes
ORD-10406,2025-08-11,East,Store,Laptop Stand,1,34.15,10.0,30.73,0,5.0,No
ORD-10450,2025-08-11,East,Online,Laptop Stand,1,35.11,10.0,31.6,5,4.0,No
ORD-11145,2025-08-11,South,Online,Smart Watch,1,122.32,15.0,103.98,7,2.0,Yes
ORD-10046,2025-08-12,South,Online,USB-C Hub,1,29.35,10.0,26.41,8,2.0,Yes
ORD-10099,2025-08-12,West,Online,Laptop Stand,1,36.11,10.0,32.5,8,2.0,Yes
ORD-11178,2025-08-12,West,Online,Smart Watch,1,129.86,0.0,129.86,2,2.0,No
ORD-10077,2025-08-14,South,Online,Wireless Earbuds,3,46.37,0.0,139.11,1,4.0,No
ORD-10315,2025-08-14,West,Store,Wireless Earbuds,4,49.89,15.0,169.64,0,5.0,No
ORD-11136,2025-08-14,West,Store,Smart Watch,2,129.92,20.0,207.88,0,5.0,No
ORD-10542,2025-08-15,North,Online,USB-C Hub,1,28.07,10.0,25.26,6,3.0,Yes
ORD-10904,2025-08-15,East,Online,Wireless Earbuds,1,48.12,15.0,40.9,5,3.0,No
ORD-11086,2025-08-15, North ,Online,Laptop Stand,1,35.73,10.0,32.16,1,4.0,No
ORD-10038,2025-08-16,North,Online,Laptop Stand,4,33.53,0.0,134.1,4,4.0,No
ORD-10002,2025-08-17,East,Store,USB-C Hub,4,28.88,15.0,98.19,0,4.0,No
ORD-10428,2025-08-17,South,Store,Smart Watch,1,127.6,5.0,121.22,0,3.0,No
ORD-10058,2025-08-18,North,Online,Wireless Earbuds,2,45.87,30.0,64.21,8,2.0,Yes
ORD-10244,2025-08-18,East,Store,Wireless Earbuds,1,48.51,0.0,48.51,0,3.0,Yes
ORD-10310,2025-08-18, South ,Online,Wireless Earbuds,1,47.78,,47.78,8,3.0,No
ORD-10344,2025-08-18,South,Online,Bluetooth Speaker,1,72.76,0.0,72.76,4,2.0,Yes
ORD-10730,2025-08-18,East,Store,Wireless Earbuds,2,49.95,0.0,99.89,0,4.0,No
ORD-10871,2025-08-18,South,Store,Wireless Earbuds,3,46.61,0.0,139.83,0,3.0,No
ORD-10456,2025-08-19,West,Store,Smart Watch,1,135.01,5.0,128.26,0,5.0,No
ORD-10876,2025-08-19,North,Online,Laptop Stand,3,33.76,20.0,81.02,8,3.0,Yes
ORD-11052,2025-08-19, South ,Online,USB-C Hub,4,29.0,5.0,110.2,4,3.0,Yes
ORD-10346,2025-08-20,North,Online,Wireless Earbuds,1,48.95,10.0,44.05,3,2.0,Yes
ORD-10479,2025-08-20,East,Online,Smart Watch,1,124.09,0.0,124.09,2,2.0,No
ORD-10124,2025-08-21,South,Store,Wireless Earbuds,1,49.86,0.0,49.86,0,,No
ORD-10579,2025-08-21, West ,Store,Laptop Stand,4,33.62,0.0,134.48,0,4.0,No
ORD-10593,2025-08-21,South,Store,Bluetooth Speaker,4,69.38,10.0,249.76,0,5.0,No
ORD-10963,2025-08-21, East ,Online,USB-C Hub,4,29.59,10.0,106.52,7,2.0,Yes
ORD-11044,2025-08-21,East,Online,Laptop Stand,2,36.04,,68.48,1,4.0,No
ORD-10090,2025-08-22,South,Store,Bluetooth Speaker,2,69.66,0.0,139.31,0,5.0,No
ORD-10448,2025-08-22,West,Store,USB-C Hub,2,28.71,0.0,57.42,0,5.0,No
ORD-10531,2025-08-22,North,Online,Wireless Earbuds,2,50.49,0.0,100.98,6,3.0,Yes
ORD-11065,2025-08-22,West,Online,Wireless Earbuds,3,47.92,20.0,115.01,7,3.0,No
ORD-11104,2025-08-22,South,Online,Bluetooth Speaker,4,69.05,0.0,276.22,6,3.0,No
ORD-10103,2025-08-23,West,Online,Laptop Stand,2,35.92,20.0,57.48,1,4.0,No
ORD-10172,2025-08-23,West,Online,Bluetooth Speaker,2,67.99,0.0,135.98,2,5.0,No
ORD-10401,2025-08-23,East,Store,Bluetooth Speaker,1,72.21,5.0,68.6,0,5.0,No
ORD-10602,2025-08-23,North,Online,USB-C Hub,3,28.23,0.0,84.69,8,4.0,No
ORD-10824,2025-08-23,North,Store,USB-C Hub,1,28.89,20.0,23.11,0,5.0,No
ORD-10910,2025-08-23,South,Store,Wireless Earbuds,1,45.64,20.0,36.52,0,5.0,No
ORD-11040,2025-08-23,South,Store,Wireless Earbuds,1,50.4,0.0,50.4,0,5.0,No
ORD-10235,2025-08-24, South ,Online,Wireless Earbuds,4,51.41,5.0,195.37,2,5.0,No
ORD-10588,2025-08-24,East,Online,Laptop Stand,4,35.92,15.0,122.11,2,4.0,No
ORD-10474,2025-08-26,East,Online,Laptop Stand,3,33.82,10.0,91.31,3,3.0,No
ORD-10909,2025-08-27,North,Online,USB-C Hub,3,28.68,0.0,86.05,8,3.0,Yes
ORD-10488,2025-08-28,North,Online,Laptop Stand,2,36.08,10.0,64.95,4,4.0,No
ORD-10851,2025-08-28,North,Online,Smart Watch,2,128.22,0.0,256.44,2,,No
ORD-11084,2025-08-28,East,Store,Wireless Earbuds,4,49.45,10.0,178.02,0,4.0,No
ORD-10107,2025-08-29,South,Store,Laptop Stand,1,35.5,0.0,35.5,0,4.0,No
ORD-10204,2025-08-29,East,Online,Smart Watch,1,123.83,0.0,123.83,2,3.0,No
ORD-10336,2025-08-29,East,Online,Wireless Earbuds,2,48.08,5.0,91.36,4,3.0,Yes
ORD-10404,2025-08-29,North,Online,Laptop Stand,4,33.9,15.0,115.25,7,3.0,Yes
ORD-10697,2025-08-29,South,Store,USB-C Hub,3,28.68,0.0,86.05,0,4.0,No
ORD-11015,2025-08-29,North,Online,Laptop Stand,1,34.01,10.0,30.61,2,4.0,Yes
ORD-10148,2025-08-30,East,Store,Wireless Earbuds,3,50.13,0.0,150.39,0,5.0,No
ORD-10433,2025-08-30,North,Online,USB-C Hub,4,27.38,30.0,76.67,7,3.0,Yes
ORD-10454,2025-08-30,West,Store,Smart Watch,1,127.39,5.0,121.02,0,4.0,No
ORD-10475,2025-08-30,East,Online,Wireless Earbuds,2,47.15,20.0,75.44,5,5.0,No
ORD-10496,2025-08-30,South,Store,Laptop Stand,4,35.88,10.0,129.16,0,4.0,No
ORD-10503,2025-08-30,East,Store,Wireless Earbuds,3,47.98,0.0,143.94,0,,Yes
ORD-10555,2025-08-30,South,Store,Smart Watch,4,136.92,30.0,383.37,0,4.0,No
ORD-10079,2025-08-31,South,Store,Bluetooth Speaker,1,71.4,0.0,71.4,0,5.0,No
ORD-10952,2025-08-31,North,Store,Laptop Stand,1,35.19,0.0,35.19,0,4.0,No
ORD-11154,2025-08-31,South,Online,USB-C Hub,3,29.54,10.0,79.76,4,4.0,No
ORD-11150,2025-09-01,West,Online,Smart Watch,3,126.17,20.0,302.81,3,3.0,No
ORD-11180,2025-09-01,East,Online,Bluetooth Speaker,2,67.45,0.0,134.91,7,2.0,Yes
ORD-10720,2025-09-02,East,Online,Laptop Stand,4,34.96,5.0,132.85,8,4.0,No
ORD-10838,2025-09-02,West,Online,Smart Watch,3,125.21,5.0,356.86,3,2.0,Yes
ORD-10142,2025-09-03,East,Online,Bluetooth Speaker,2,69.21,0.0,138.42,4,4.0,No
ORD-11143,2025-09-03,North,Online,Wireless Earbuds,1,45.97,20.0,36.77,3,4.0,No
ORD-10142,2025-09-03,East,Online,Bluetooth Speaker,2,69.21,0.0,138.42,4,4.0,No
ORD-10126,2025-09-04,North,Store,Wireless Earbuds,4,48.12,15.0,163.6,0,5.0,No
ORD-10306,2025-09-04,South,Store,Laptop Stand,1,37.23,10.0,33.51,0,4.0,No
ORD-10562,2025-09-04,North,Store,Laptop Stand,1,35.77,10.0,32.19,0,4.0,No
ORD-10351,2025-09-05,East,Store,Laptop Stand,1,33.49,0.0,33.49,0,4.0,No
ORD-10392,2025-09-05,South,Store,Wireless Earbuds,4,48.12,5.0,182.87,0,4.0,No
ORD-10655,2025-09-05,West,Online,Bluetooth Speaker,4,69.93,0.0,279.73,7,3.0,No
ORD-10751,2025-09-05,South,Online,Bluetooth Speaker,1,70.91,0.0,70.91,3,4.0,No
ORD-10908,2025-09-05,East,Online,Bluetooth Speaker,1,69.1,15.0,58.74,5,3.0,Yes
ORD-10954,2025-09-05,South,Online,Wireless Earbuds,1,51.19,20.0,40.95,5,4.0,No
ORD-11011,2025-09-05,South,Store,Smart Watch,4,131.75,0.0,526.98,0,4.0,No
ORD-11182,2025-09-05,South,Online,Wireless Earbuds,3,48.86,10.0,131.93,2,5.0,No
ORD-10751,2025-09-05,South,Online,Bluetooth Speaker,1,70.91,0.0,70.91,3,4.0,No
ORD-10305,2025-09-06, East ,Online,Laptop Stand,2,34.66,30.0,48.53,4,3.0,No
ORD-10497,2025-09-06,West,Online,Wireless Earbuds,4,50.32,0.0,201.3,3,4.0,No
ORD-10786,2025-09-06,West,Store,Smart Watch,3,129.17,30.0,271.25,0,4.0,No
ORD-11173,2025-09-06,North,Online,Bluetooth Speaker,3,66.9,10.0,180.62,1,4.0,No
ORD-10003,2025-09-07,East,Store,Smart Watch,1,127.94,15.0,108.75,0,4.0,No
ORD-10211,2025-09-07,North,Store,Bluetooth Speaker,3,66.57,10.0,179.75,0,3.0,No
ORD-10216,2025-09-07,West,Online,USB-C Hub,3,28.6,20.0,68.64,7,3.0,Yes
ORD-11036,2025-09-07,North,Online,Wireless Earbuds,3,49.24,0.0,147.71,2,4.0,No
ORD-10101,2025-09-08,North,Online,Laptop Stand,1,33.37,10.0,30.03,1,4.0,No
ORD-10459,2025-09-08,North,Store,Laptop Stand,4,34.23,0.0,136.94,0,4.0,No
ORD-10990,2025-09-08,North,Online,Smart Watch,2,134.01,10.0,241.23,3,3.0,No
ORD-10070,2025-09-10,North,Store,Laptop Stand,1,37.17,10.0,33.46,0,4.0,No
ORD-10832,2025-09-10,East,Online,Wireless Earbuds,3,49.67,0.0,149.02,8,2.0,Yes
ORD-10363,2025-09-11,West,Store,Wireless Earbuds,3,47.45,20.0,113.88,0,4.0,No
ORD-11198,2025-09-11,East,Online,Bluetooth Speaker,2,72.38,20.0,115.81,1,4.0,No
ORD-10037,2025-09-13,West,Online,Smart Watch,1,126.87,15.0,107.84,1,3.0,No
ORD-10355,2025-09-13,South,Online,USB-C Hub,4,29.42,15.0,100.03,4,4.0,No
ORD-10785,2025-09-13,South,Online,Bluetooth Speaker,4,65.98,0.0,263.91,8,3.0,Yes
ORD-10822,2025-09-14,South,Store,Smart Watch,4,134.48,10.0,484.14,0,4.0,No
ORD-10379,2025-09-15,East,Store,Wireless Earbuds,4,50.54,20.0,161.71,0,3.0,Yes
ORD-10729,2025-09-15,North,Online,USB-C Hub,1,28.33,5.0,26.92,8,3.0,No
ORD-10943,2025-09-15,North,Online,Wireless Earbuds,1,49.83,0.0,49.83,8,3.0,No
ORD-11022,2025-09-15,West,Online,USB-C Hub,1,28.65,0.0,28.65,3,5.0,No
ORD-10089,2025-09-16,East,Online,Laptop Stand,1,34.36,0.0,34.36,2,4.0,No
ORD-10782,2025-09-16,East,Store,Wireless Earbuds,4,49.2,20.0,157.45,0,4.0,No
ORD-10896,2025-09-16,East,Online,USB-C Hub,1,27.87,10.0,25.08,1,4.0,No
ORD-11070,2025-09-16,North,Online,Wireless Earbuds,1,49.29,10.0,44.37,3,4.0,No
ORD-10507,2025-09-17,North,Store,Wireless Earbuds,3,48.88,5.0,139.3,0,4.0,No
ORD-10552,2025-09-17,West,Online,Laptop Stand,3,36.85,0.0,110.56,8,2.0,Yes
ORD-10181,2025-09-18,East,Online,USB-C Hub,2,29.7,0.0,59.4,1,4.0,No
ORD-10291,2025-09-18,East,Online,Wireless Earbuds,2,49.26,15.0,83.74,3,3.0,No
ORD-10646,2025-09-18,North,Online,USB-C Hub,3,30.02,20.0,72.06,7,2.0,Yes
ORD-10940,2025-09-18,South,Online,Wireless Earbuds,1,48.89,5.0,46.44,8,3.0,Yes
ORD-10308,2025-09-19,West,Online,Bluetooth Speaker,4,71.64,5.0,272.23,4,4.0,No
ORD-10025,2025-09-20,West,Store,USB-C Hub,3,28.73,0.0,86.18,0,4.0,No
ORD-10195,2025-09-20,East,Online,Wireless Earbuds,1,49.16,0.0,49.16,4,5.0,No
ORD-10686,2025-09-20,East,Online,USB-C Hub,3,28.8,20.0,69.13,8,3.0,No
ORD-10835,2025-09-20,East,Store,Laptop Stand,3,35.02,0.0,105.05,0,5.0,No
ORD-10858,2025-09-20,South,Online,Laptop Stand,2,36.14,10.0,65.04,1,5.0,No
ORD-10073,2025-09-21,West,Store,Wireless Earbuds,2,48.16,20.0,77.06,0,4.0,No
ORD-10464,2025-09-21,North,Store,USB-C Hub,4,28.31,15.0,96.24,0,5.0,No
ORD-10590,2025-09-21,West,Online,Bluetooth Speaker,1,69.87,15.0,59.39,2,4.0,No
ORD-10610,2025-09-21,West,Store,Bluetooth Speaker,4,68.94,0.0,275.76,0,3.0,No
ORD-10628,2025-09-21,North,Online,Wireless Earbuds,2,48.6,5.0,92.34,5,4.0,No
ORD-10250,2025-09-22,North,Online,Wireless Earbuds,4,46.92,20.0,150.14,7,3.0,Yes
ORD-10565,2025-09-22,East,Store,Wireless Earbuds,2,50.69,0.0,101.37,0,4.0,No
ORD-11196,2025-09-22,North,Online,USB-C Hub,1,28.77,15.0,24.46,4,4.0,No
ORD-10097,2025-09-23,East,Online,Bluetooth Speaker,4,67.95,5.0,258.22,6,3.0,No
ORD-10205,2025-09-23,East,Online,USB-C Hub,4,27.93,10.0,100.54,8,2.0,No
ORD-10556,2025-09-23,North,Online,Smart Watch,1,129.14,10.0,116.22,7,3.0,No
ORD-10848,2025-09-23,South,Online,Bluetooth Speaker,4,65.85,5.0,250.24,8,4.0,Yes
ORD-10317,2025-09-24,East,Online,Bluetooth Speaker,2,69.39,10.0,124.9,7,3.0,No
ORD-10358,2025-09-24,East,Store,Bluetooth Speaker,4,69.87,0.0,279.48,0,5.0,No
ORD-10689,2025-09-24,East,Store,Bluetooth Speaker,4,69.85,10.0,251.45,0,5.0,No
ORD-10862,2025-09-24,North,Store,Laptop Stand,3,34.98,0.0,104.93,0,4.0,No
ORD-10535,2025-09-25, West ,Online,Bluetooth Speaker,1,67.81,0.0,67.81,2,4.0,No
ORD-11028,2025-09-25,East,Store,Wireless Earbuds,3,49.03,0.0,147.1,0,4.0,No
ORD-10349,2025-09-26,South,Store,Laptop Stand,3,35.38,20.0,84.91,0,4.0,No
ORD-10755,2025-09-26,West,Online,Wireless Earbuds,3,47.62,10.0,128.56,7,,Yes
ORD-10788,2025-09-26,East,Store,Wireless Earbuds,1,47.91,10.0,43.12,0,5.0,No
ORD-10847,2025-09-26,South,Online,Wireless Earbuds,4,48.75,30.0,136.49,2,4.0,No
ORD-10533,2025-09-27,West,Online,Laptop Stand,2,33.6,30.0,47.04,5,2.0,Yes
ORD-10092,2025-09-28,South,Store,Wireless Earbuds,2,45.54,0.0,91.08,0,5.0,No
ORD-10365,2025-09-28,North,Store,Wireless Earbuds,2,49.97,0.0,99.94,0,3.0,No
ORD-10233,2025-09-29,North,Online,Smart Watch,3,127.27,5.0,362.71,2,3.0,No
ORD-10282,2025-09-29,South,Online,Laptop Stand,4,35.62,15.0,121.11,2,3.0,Yes
ORD-10701,2025-09-29,East,Online,Smart Watch,2,131.29,30.0,183.8,6,2.0,Yes
ORD-10891,2025-09-29,North,Online,Smart Watch,3,122.65,5.0,349.54,3,3.0,No
ORD-10918,2025-09-29,East,Online,Bluetooth Speaker,2,70.42,20.0,112.68,5,3.0,Yes
ORD-10301,2025-09-30,East,Store,Wireless Earbuds,4,48.28,0.0,193.13,0,4.0,No
ORD-10329,2025-09-30,East,Store,Bluetooth Speaker,1,70.69,20.0,56.55,0,4.0,No
ORD-10163,2025-10-01,North,Online,Wireless Earbuds,1,49.24,0.0,49.24,6,2.0,Yes
ORD-10575,2025-10-01,North,Store,Bluetooth Speaker,2,73.6,15.0,125.11,0,5.0,No
ORD-10578,2025-10-01,North,Store,Bluetooth Speaker,4,67.79,15.0,230.48,0,4.0,No
ORD-10666,2025-10-01, East ,Online,Wireless Earbuds,2,48.96,15.0,83.24,2,4.0,No
ORD-10894,2025-10-01,South,Store,Wireless Earbuds,1,50.79,5.0,48.25,0,5.0,No
ORD-11090,2025-10-01,West,Online,USB-C Hub,4,28.26,0.0,113.05,4,3.0,No
ORD-10192,2025-10-02,North,Store,Wireless Earbuds,3,49.11,20.0,117.86,0,5.0,No
ORD-10232,2025-10-02,North,Online,Smart Watch,4,133.93,0.0,535.73,5,3.0,No
ORD-10441,2025-10-02,East,Online,Wireless Earbuds,2,47.89,0.0,95.78,3,3.0,No
ORD-10516,2025-10-02,South,Online,Bluetooth Speaker,3,69.07,0.0,207.2,2,4.0,No
ORD-10671,2025-10-02,North,Online,Laptop Stand,1,33.21,10.0,29.89,8,4.0,No
ORD-10341,2025-10-03,South,Store,Laptop Stand,2,34.27,20.0,54.83,0,4.0,No
ORD-10539,2025-10-03,North,Online,USB-C Hub,3,29.33,0.0,87.98,6,1.0,Yes
ORD-10924,2025-10-03,West,Online,Laptop Stand,3,35.18,20.0,84.42,2,4.0,No
ORD-10939,2025-10-03,West,Store,Laptop Stand,4,34.68,0.0,138.74,0,4.0,No
ORD-10570,2025-10-04,East,Store,Laptop Stand,1,35.39,0.0,35.39,0,5.0,No
ORD-10608,2025-10-04,West,Online,Wireless Earbuds,2,46.93,5.0,89.17,1,4.0,No
ORD-10794,2025-10-04,East,Online,USB-C Hub,4,28.98,5.0,110.12,6,,Yes
ORD-10953,2025-10-04,East,Store,Smart Watch,4,132.77,5.0,504.52,0,4.0,No
ORD-10187,2025-10-05,North,Online,Bluetooth Speaker,3,69.53,0.0,208.58,1,4.0,No
ORD-10409,2025-10-05,East,Store,Wireless Earbuds,2,48.53,10.0,87.36,0,4.0,No
ORD-10606,2025-10-05,North,Online,Bluetooth Speaker,3,67.49,0.0,202.48,2,,No
ORD-10640,2025-10-05,West,Online,USB-C Hub,4,29.39,0.0,117.56,2,4.0,No
ORD-10776,2025-10-05,East,Store,Bluetooth Speaker,1,66.36,0.0,66.36,0,3.0,No
ORD-10780,2025-10-05,South,Online,USB-C Hub,2,29.15,0.0,58.3,8,2.0,No
ORD-10879,2025-10-05,West,Online,Bluetooth Speaker,3,69.1,20.0,165.84,7,2.0,No
ORD-10354,2025-10-06,West,Online,Wireless Earbuds,2,49.41,0.0,98.82,5,4.0,No
ORD-10524,2025-10-06,North,Online,Laptop Stand,1,34.52,5.0,32.79,1,3.0,No
ORD-10763,2025-10-06,West,Online,USB-C Hub,3,28.42,15.0,72.48,1,4.0,No
ORD-10853,2025-10-06,North,Online,Wireless Earbuds,4,49.03,20.0,156.89,5,3.0,No
ORD-11131,2025-10-06, North ,Online,USB-C Hub,3,29.53,5.0,84.16,6,3.0,Yes
ORD-11179,2025-10-06,North,Online,Wireless Earbuds,1,48.18,0.0,48.18,4,3.0,Yes
ORD-10222,2025-10-07,East,Online,Wireless Earbuds,3,48.94,5.0,139.48,4,3.0,No
ORD-10440,2025-10-07,South,Store,Wireless Earbuds,4,48.58,0.0,194.32,0,5.0,No
ORD-10281,2025-10-08,North,Online,Bluetooth Speaker,1,69.27,10.0,62.34,7,3.0,No
ORD-10629,2025-10-08,North,Store,Bluetooth Speaker,1,65.74,5.0,62.45,0,4.0,No
ORD-10674,2025-10-08, South ,Online,Smart Watch,3,133.19,0.0,399.58,4,3.0,No
ORD-10844,2025-10-08,North,Online,Smart Watch,2,129.53,0.0,259.06,7,3.0,No
ORD-11010,2025-10-08,South,Online,Wireless Earbuds,1,48.68,5.0,46.25,6,3.0,No
ORD-11078,2025-10-08,North,Online,Smart Watch,4,129.65,0.0,518.59,8,3.0,Yes
ORD-11081,2025-10-08,North,Online,USB-C Hub,2,28.31,0.0,56.62,6,4.0,No
ORD-11088,2025-10-08,East,Online,Smart Watch,1,131.13,15.0,111.46,1,4.0,No
ORD-11189,2025-10-08, South ,Online,Smart Watch,1,129.45,10.0,116.5,6,2.0,Yes
ORD-10281,2025-10-08,North,Online,Bluetooth Speaker,1,69.27,10.0,62.34,7,3.0,No
ORD-11024,2025-10-09,East,Online,USB-C Hub,4,30.54,15.0,103.83,6,4.0,No
ORD-11068,2025-10-09,North,Store,Wireless Earbuds,4,47.1,15.0,160.13,0,4.0,No
ORD-11158,2025-10-09,North,Store,Wireless Earbuds,4,47.59,15.0,161.8,0,5.0,No
ORD-10517,2025-10-10,East,Store,Wireless Earbuds,4,49.78,0.0,199.13,0,4.0,No
ORD-10977,2025-10-10,North,Store,Smart Watch,1,128.16,10.0,115.34,0,5.0,No
ORD-10006,2025-10-11,North,Online,Wireless Earbuds,2,47.59,5.0,90.42,4,4.0,No
ORD-10558,2025-10-11,West,Online,Bluetooth Speaker,3,63.7,5.0,181.53,6,3.0,Yes
ORD-10598,2025-10-11,East,Store,Bluetooth Speaker,1,71.66,10.0,64.49,0,5.0,No
ORD-10725,2025-10-12,West,Online,Laptop Stand,3,35.1,30.0,73.71,6,3.0,No
ORD-10795,2025-10-13,South,Online,Laptop Stand,3,33.55,0.0,100.66,8,3.0,No
ORD-10936,2025-10-14,South,Store,Bluetooth Speaker,1,70.14,20.0,56.11,0,5.0,No
ORD-10303,2025-10-15,North,Online,Bluetooth Speaker,3,66.05,30.0,138.71,8,3.0,Yes
ORD-10223,2025-10-16, East ,Online,USB-C Hub,1,30.88,5.0,29.34,6,3.0,No
ORD-10736,2025-10-16,West,Store,USB-C Hub,2,29.26,20.0,46.81,0,5.0,No
ORD-10777,2025-10-16,North,Store,Laptop Stand,3,35.58,10.0,96.08,0,4.0,No
ORD-10881,2025-10-16,North,Online,Wireless Earbuds,2,51.51,0.0,103.02,6,3.0,Yes
ORD-11181,2025-10-16,East,Store,USB-C Hub,3,29.69,0.0,89.06,0,4.0,No
ORD-10036,2025-10-17,North,Online,Laptop Stand,2,34.45,0.0,68.89,4,3.0,No
ORD-10246,2025-10-17,North,Online,Laptop Stand,1,34.83,0.0,34.83,8,3.0,No
ORD-10451,2025-10-17,North,Store,Wireless Earbuds,2,51.2,30.0,71.68,0,3.0,No
ORD-10595,2025-10-17,South,Online,Wireless Earbuds,1,50.44,0.0,50.44,5,2.0,Yes
ORD-10637,2025-10-17,South,Store,Bluetooth Speaker,2,70.48,20.0,112.76,0,5.0,No
ORD-10761,2025-10-17,East,Online,Smart Watch,4,134.01,5.0,509.22,5,4.0,No
ORD-11077,2025-10-17,North,Online,Smart Watch,4,125.4,0.0,501.61,8,2.0,Yes
ORD-11132,2025-10-17,South,Online,Bluetooth Speaker,2,72.1,15.0,122.57,7,2.0,No
ORD-10595,2025-10-17,South,Online,Wireless Earbuds,1,50.44,0.0,50.44,5,2.0,Yes
ORD-10018,2025-10-18,East,Store,Wireless Earbuds,3,47.41,20.0,113.78,0,4.0,No
ORD-10436,2025-10-18,West,Store,Bluetooth Speaker,2,66.48,15.0,113.01,0,5.0,No
ORD-10430,2025-10-19,South,Online,Smart Watch,1,132.41,0.0,132.41,8,2.0,Yes
ORD-10586,2025-10-19,West,Online,USB-C Hub,1,28.67,0.0,28.67,3,4.0,No
ORD-10849,2025-10-19,South,Online,Bluetooth Speaker,2,64.53,0.0,129.07,7,3.0,No
ORD-10364,2025-10-20,West,Online,Wireless Earbuds,2,50.49,0.0,100.98,3,3.0,No
ORD-10414,2025-10-20,West,Store,Wireless Earbuds,3,47.48,5.0,135.32,0,4.0,No
ORD-10820,2025-10-20,North,Online,Laptop Stand,4,35.08,0.0,140.3,8,2.0,Yes
ORD-10823,2025-10-20, North ,Online,Bluetooth Speaker,4,70.0,0.0,280.02,8,3.0,No
ORD-10931,2025-10-20,North,Online,Smart Watch,3,119.57,10.0,322.85,8,2.0,Yes
ORD-11023,2025-10-20,South,Store,USB-C Hub,1,28.65,0.0,28.65,0,5.0,No
ORD-11087,2025-10-20,West,Online,USB-C Hub,4,29.14,5.0,110.71,7,,Yes
ORD-11023,2025-10-20,South,Store,USB-C Hub,1,28.65,0.0,28.65,0,5.0,No
ORD-10197,2025-10-21,North,Online,Laptop Stand,2,35.1,0.0,70.2,4,3.0,No
ORD-10460,2025-10-21,North,Online,USB-C Hub,1,28.84,10.0,25.96,4,4.0,No
ORD-10816,2025-10-21,West,Online,Laptop Stand,2,32.21,10.0,57.97,7,3.0,Yes
ORD-10460,2025-10-21,North,Online,USB-C Hub,1,28.84,10.0,25.96,4,4.0,No
ORD-10035,2025-10-22,East,Online,USB-C Hub,2,30.47,0.0,60.94,7,3.0,No
ORD-10304,2025-10-22,South,Online,USB-C Hub,1,28.82,10.0,25.94,3,2.0,Yes
ORD-10900,2025-10-22,East,Online,USB-C Hub,1,28.0,20.0,22.4,6,2.0,Yes
ORD-11071,2025-10-22,North,Store,Laptop Stand,2,34.62,5.0,65.77,0,4.0,No
ORD-10035,2025-10-22,East,Online,USB-C Hub,2,30.47,0.0,60.94,7,3.0,No
ORD-10055,2025-10-23,South,Online,Laptop Stand,1,36.46,10.0,32.82,1,4.0,No
ORD-10234,2025-10-23,West,Online,Laptop Stand,2,35.49,20.0,56.78,1,4.0,No
ORD-11009,2025-10-23,South,Store,Smart Watch,4,126.66,30.0,354.64,0,4.0,No
ORD-10402,2025-10-24,North,Online,Bluetooth Speaker,2,69.21,0.0,138.42,2,4.0,No
ORD-10114,2025-10-25,East,Online,USB-C Hub,2,27.18,15.0,46.21,8,4.0,No
ORD-10240,2025-10-25,East,Store,Laptop Stand,1,34.14,20.0,27.31,0,4.0,No
ORD-10325,2025-10-25,North,Online,Smart Watch,2,123.13,15.0,209.32,6,1.0,Yes
ORD-10356,2025-10-25,West,Store,Wireless Earbuds,2,48.22,0.0,96.44,0,4.0,No
ORD-10369,2025-10-25,North,Store,Wireless Earbuds,1,49.87,,49.87,0,4.0,No
ORD-10571,2025-10-25,North,Store,Wireless Earbuds,3,48.26,0.0,144.79,0,5.0,No
ORD-10021,2025-10-26,West,Online,Wireless Earbuds,4,48.65,5.0,184.86,6,3.0,No
ORD-10906,2025-10-26,North,Online,Wireless Earbuds,2,48.77,10.0,87.79,3,4.0,No
ORD-11030,2025-10-26,South,Online,Wireless Earbuds,2,50.58,5.0,96.1,2,4.0,No
ORD-11142,2025-10-26,West,Online,Laptop Stand,4,35.21,5.0,133.79,1,5.0,No
ORD-10016,2025-10-27,West,Online,USB-C Hub,2,29.69,0.0,59.37,7,2.0,Yes
ORD-10825,2025-10-27,South,Online,USB-C Hub,1,29.27,0.0,29.27,1,4.0,No
ORD-10057,2025-10-28,South,Online,Smart Watch,3,131.67,0.0,395.0,2,4.0,No
ORD-10458,2025-10-28,South,Online,Wireless Earbuds,3,49.97,0.0,149.91,5,3.0,No
ORD-10727,2025-10-28,East,Online,Bluetooth Speaker,4,70.89,0.0,283.56,5,3.0,No
ORD-11013,2025-10-28,North,Online,Smart Watch,2,128.63,0.0,257.26,4,4.0,No
ORD-11107,2025-10-28,North,Online,USB-C Hub,2,29.41,0.0,58.83,5,3.0,No
ORD-11139,2025-10-28,East,Store,Wireless Earbuds,3,45.52,20.0,109.24,0,5.0,No
ORD-10458,2025-10-28,South,Online,Wireless Earbuds,3,49.97,0.0,149.91,5,3.0,No
ORD-10135,2025-10-29,East,Online,Wireless Earbuds,3,48.77,10.0,131.69,1,3.0,No
ORD-10560,2025-10-29,North,Online,Laptop Stand,3,34.96,10.0,94.39,6,2.0,Yes
ORD-10648,2025-10-29,East,Online,Laptop Stand,2,34.0,10.0,61.2,2,4.0,No
ORD-10753,2025-10-29,West,Online,Wireless Earbuds,2,49.82,20.0,79.72,1,4.0,No
ORD-10903,2025-10-29,East,Store,Wireless Earbuds,3,48.81,10.0,131.78,0,5.0,No
ORD-10930,2025-10-29,East,Online,Wireless Earbuds,3,48.38,10.0,130.61,1,4.0,No
ORD-10078,2025-10-30,South,Online,Laptop Stand,4,34.44,20.0,110.21,1,4.0,No
ORD-10439,2025-10-30,East,Online,Bluetooth Speaker,3,68.18,5.0,194.32,7,3.0,No
ORD-10778,2025-10-30,East,Store,Bluetooth Speaker,3,72.09,10.0,194.65,0,5.0,No
ORD-11004,2025-10-30,North,Online,Wireless Earbuds,1,49.98,30.0,34.99,8,3.0,No
ORD-11006,2025-10-30,East,Store,Smart Watch,4,125.43,20.0,401.38,0,4.0,No
ORD-10285,2025-10-31,North,Online,Wireless Earbuds,1,49.28,5.0,46.82,8,3.0,No
ORD-10498,2025-10-31,South,Online,Smart Watch,3,139.18,10.0,375.78,8,3.0,No
ORD-10540,2025-10-31,East,Online,Laptop Stand,4,34.57,0.0,138.28,1,4.0,No
ORD-10632,2025-10-31,East,Store,Smart Watch,1,123.92,0.0,123.92,0,4.0,No
ORD-10951,2025-10-31,West,Online,USB-C Hub,3,30.29,30.0,63.61,7,3.0,No
ORD-11172,2025-10-31,West,Store,USB-C Hub,3,29.72,30.0,62.4,0,4.0,No
ORD-10007,2025-11-01,North,Store,Smart Watch,1,126.29,0.0,126.29,0,5.0,No
ORD-10781,2025-11-01,South,Store,Laptop Stand,3,35.24,20.0,84.57,0,5.0,No
ORD-10834,2025-11-01,East,Online,Bluetooth Speaker,2,70.03,10.0,126.05,1,4.0,No
ORD-10893,2025-11-01,North,Online,Smart Watch,2,128.37,30.0,179.72,6,2.0,No
ORD-10799,2025-11-02,North,Online,Wireless Earbuds,3,46.82,5.0,133.43,1,4.0,No
ORD-10326,2025-11-03,North,Online,Wireless Earbuds,3,49.06,20.0,117.75,6,3.0,No
ORD-10359,2025-11-03,West,Online,Laptop Stand,5,34.45,0.0,172.23,8,3.0,Yes
ORD-10423,2025-11-04,North,Store,Smart Watch,3,128.0,0.0,384.0,0,3.0,No
ORD-10493,2025-11-04,North,Store,USB-C Hub,6,29.38,30.0,123.39,0,5.0,No
ORD-10537,2025-11-04,South,Online,Wireless Earbuds,5,46.29,5.0,219.89,4,4.0,No
ORD-10596,2025-11-04,North,Online,Laptop Stand,4,35.81,0.0,143.24,5,3.0,No
ORD-10709,2025-11-04, North ,Store,USB-C Hub,4,28.49,20.0,91.17,0,4.0,No
ORD-10043,2025-11-05,South,Online,Laptop Stand,6,34.83,15.0,177.62,1,4.0,No
ORD-10151,2025-11-05,South,Online,Laptop Stand,3,33.52,0.0,100.55,4,4.0,No
ORD-10152,2025-11-05,North,Store,USB-C Hub,4,30.15,0.0,120.6,0,5.0,No
ORD-10529,2025-11-05,East,Online,USB-C Hub,3,30.27,10.0,81.73,1,4.0,No
ORD-10620,2025-11-05,West,Online,Wireless Earbuds,3,51.04,20.0,122.49,8,4.0,No
ORD-10673,2025-11-05,East,Online,USB-C Hub,5,28.83,10.0,129.72,3,,No
ORD-10803,2025-11-05,South,Store,USB-C Hub,4,29.47,15.0,100.2,0,4.0,No
ORD-10934,2025-11-05,West,Online,Laptop Stand,6,36.84,10.0,198.92,8,3.0,No
ORD-10152,2025-11-05,North,Store,USB-C Hub,4,30.15,0.0,120.6,0,5.0,No
ORD-10088,2025-11-06,South,Store,Laptop Stand,3,35.27,0.0,105.82,0,4.0,No
ORD-10237,2025-11-06,North,Store,USB-C Hub,5,29.17,5.0,138.56,0,4.0,No
ORD-10239,2025-11-06,South,Store,Wireless Earbuds,1,46.79,0.0,46.79,0,4.0,No
ORD-11123,2025-11-06,West,Online,USB-C Hub,4,28.79,10.0,103.65,7,3.0,No
ORD-10561,2025-11-07,East,Store,USB-C Hub,5,27.37,,123.19,0,4.0,No
ORD-10784,2025-11-07,West,Store,Laptop Stand,2,34.59,15.0,58.8,0,5.0,No
ORD-10418,2025-11-08,North,Online,Smart Watch,4,129.05,0.0,516.22,5,2.0,No
ORD-10511,2025-11-08,North,Store,Wireless Earbuds,4,48.95,20.0,156.65,0,4.0,No
ORD-10721,2025-11-08,North,Online,USB-C Hub,2,28.55,10.0,51.4,2,4.0,No
ORD-11171,2025-11-08,West,Store,Smart Watch,2,136.56,0.0,273.13,0,4.0,No
ORD-10045,2025-11-09,West,Store,Smart Watch,1,125.89,0.0,125.89,0,4.0,No
ORD-10543,2025-11-09,East,Online,USB-C Hub,3,28.7,10.0,77.49,1,3.0,No
ORD-10667,2025-11-09,East,Store,USB-C Hub,6,28.86,15.0,147.18,0,5.0,No
ORD-10773,2025-11-09,East,Online,Wireless Earbuds,6,49.04,10.0,264.84,7,3.0,No
ORD-10981,2025-11-09,West,Online,Bluetooth Speaker,2,66.45,5.0,126.26,2,4.0,No
ORD-10399,2025-11-10,North,Online,Bluetooth Speaker,3,69.43,5.0,197.86,5,4.0,No
ORD-10945,2025-11-10,North,Store,Smart Watch,2,124.77,0.0,249.53,0,5.0,No
ORD-11059,2025-11-10,North,Store,Laptop Stand,4,35.53,10.0,127.9,0,5.0,No
ORD-10434,2025-11-11,North,Online,Wireless Earbuds,3,48.4,5.0,137.95,6,3.0,No
ORD-10714,2025-11-11,East,Store,USB-C Hub,4,27.95,0.0,111.82,0,4.0,No
ORD-10946,2025-11-11,West,Store,Smart Watch,3,120.58,10.0,325.57,0,4.0,No
ORD-10217,2025-11-12,South,Store,Laptop Stand,5,35.52,0.0,177.6,0,4.0,No
ORD-10243,2025-11-13,West,Online,Laptop Stand,5,34.03,20.0,136.13,5,3.0,Yes
ORD-10263,2025-11-13,North,Online,USB-C Hub,4,27.16,10.0,97.77,6,2.0,Yes
ORD-10466,2025-11-13,North,Online,Smart Watch,3,130.06,0.0,390.19,3,4.0,No
ORD-10549,2025-11-13,West,Online,Wireless Earbuds,2,47.61,0.0,95.23,6,3.0,No
ORD-10994,2025-11-13,West,Online,Wireless Earbuds,4,49.34,0.0,197.37,5,2.0,No
ORD-11113,2025-11-13,North,Online,USB-C Hub,3,27.95,0.0,83.85,7,3.0,Yes
ORD-10012,2025-11-15,East,Online,USB-C Hub,3,29.91,20.0,71.79,3,3.0,No
ORD-10100,2025-11-15,South,Store,Smart Watch,2,129.46,20.0,207.13,0,3.0,No
ORD-10210,2025-11-15,North,Store,Bluetooth Speaker,3,69.86,5.0,199.1,0,4.0,No
ORD-10738,2025-11-15,South,Online,USB-C Hub,6,28.17,5.0,160.58,4,3.0,No
ORD-10146,2025-11-16,North,Store,Smart Watch,2,130.86,30.0,183.21,0,4.0,No
ORD-10184,2025-11-16,South,Online,Bluetooth Speaker,1,71.7,15.0,60.94,2,4.0,No
ORD-10519,2025-11-16,West,Online,Bluetooth Speaker,2,71.26,0.0,142.52,2,4.0,No
ORD-10605,2025-11-16,South,Store,Bluetooth Speaker,6,68.89,0.0,413.34,0,5.0,No
ORD-10288,2025-11-17,South,Online,Wireless Earbuds,2,51.48,0.0,102.95,2,4.0,No
ORD-10366,2025-11-17,North,Online,Laptop Stand,5,34.07,5.0,161.81,1,4.0,No
ORD-10888,2025-11-17,East,Online,USB-C Hub,5,29.88,15.0,126.97,8,2.0,Yes
ORD-10071,2025-11-18,West,Online,Laptop Stand,5,34.23,0.0,171.17,5,3.0,No
ORD-10084,2025-11-18,East,Online,USB-C Hub,3,29.34,0.0,88.03,8,2.0,Yes
ORD-10485,2025-11-18,East,Store,Wireless Earbuds,2,48.5,15.0,82.45,0,4.0,No
ORD-10774,2025-11-18,East,Online,Wireless Earbuds,1,47.43,0.0,47.43,4,3.0,No
ORD-10925,2025-11-18,East,Online,Bluetooth Speaker,4,68.82,0.0,275.29,7,3.0,No
ORD-10170,2025-11-19,East,Store,Smart Watch,6,128.07,0.0,768.42,0,4.0,No
ORD-10442,2025-11-19,North,Online,Wireless Earbuds,3,51.01,15.0,130.07,1,4.0,No
ORD-10548,2025-11-19,East,Online,Laptop Stand,1,35.12,0.0,35.12,6,3.0,No
ORD-10986,2025-11-19,East,Online,Wireless Earbuds,3,53.15,10.0,143.5,6,3.0,No
ORD-11051,2025-11-20,North,Online,USB-C Hub,4,28.23,0.0,112.93,7,3.0,No
ORD-11164,2025-11-20,West,Online,Laptop Stand,5,35.16,5.0,167.03,3,5.0,No
ORD-10367,2025-11-21,East,Online,Smart Watch,4,128.9,0.0,515.58,6,4.0,No
ORD-10583,2025-11-21,North,Store,Smart Watch,5,124.91,15.0,530.87,0,3.0,No
ORD-10694,2025-11-21,South,Store,Bluetooth Speaker,4,65.52,0.0,262.08,0,5.0,No
ORD-10980,2025-11-21,South,Online,Bluetooth Speaker,5,69.95,20.0,279.78,7,3.0,No
ORD-11045,2025-11-21,East,Store,Smart Watch,1,128.21,5.0,121.8,0,4.0,No
ORD-10468,2025-11-22,West,Store,Wireless Earbuds,4,49.09,5.0,186.53,0,4.0,No
ORD-10357,2025-11-23,West,Online,Laptop Stand,5,34.57,5.0,164.2,8,2.0,No
ORD-10481,2025-11-23,North,Online,Bluetooth Speaker,2,69.4,0.0,138.8,1,5.0,No
ORD-11148,2025-11-23,South,Store,Bluetooth Speaker,1,66.67,20.0,53.34,0,,No
ORD-11187,2025-11-23,South,Online,Wireless Earbuds,4,47.96,20.0,153.46,4,3.0,Yes
ORD-10004,2025-11-24,South,Store,Wireless Earbuds,1,49.25,10.0,44.32,0,5.0,No
ORD-10280,2025-11-24,South,Online,Bluetooth Speaker,4,69.18,10.0,249.06,6,3.0,No
ORD-10580,2025-11-24,West,Online,Wireless Earbuds,6,47.28,5.0,269.48,3,4.0,Yes
ORD-10941,2025-11-24, South ,Online,Wireless Earbuds,3,47.77,15.0,121.81,8,3.0,Yes
ORD-10279,2025-11-25,South,Online,Wireless Earbuds,3,48.42,20.0,116.21,1,4.0,No
ORD-10417,2025-11-25,South,Store,Laptop Stand,1,34.39,10.0,30.95,0,5.0,No
ORD-10156,2025-11-26,North,Online,Wireless Earbuds,3,49.86,0.0,149.58,4,4.0,No
ORD-10219,2025-11-26,East,Online,Smart Watch,4,126.69,5.0,481.42,1,,No
ORD-10525,2025-11-26,West,Store,Bluetooth Speaker,3,69.25,5.0,197.37,0,4.0,No
ORD-11095,2025-11-26,South,Online,Wireless Earbuds,3,50.29,30.0,105.6,5,3.0,No
ORD-10534,2025-11-27,West,Online,Laptop Stand,3,35.26,20.0,84.61,8,2.0,Yes
ORD-10199,2025-11-28,North,Store,USB-C Hub,5,29.69,10.0,133.59,0,5.0,No
ORD-10224,2025-11-28,North,Online,Laptop Stand,6,32.73,5.0,186.56,3,4.0,No
ORD-10331,2025-11-28,South,Store,Smart Watch,4,133.97,0.0,535.86,0,4.0,No
ORD-10255,2025-11-29,East,Online,Bluetooth Speaker,2,67.62,0.0,135.23,4,4.0,No
ORD-10647,2025-11-29,South,Store,USB-C Hub,5,30.42,10.0,136.9,0,4.0,No
ORD-10013,2025-11-30,South,Online,Bluetooth Speaker,4,70.48,0.0,281.93,5,2.0,Yes
ORD-10362,2025-11-30,North,Store,USB-C Hub,4,29.75,15.0,101.15,0,,No
ORD-10457,2025-11-30,North,Store,Laptop Stand,2,35.54,0.0,71.08,0,5.0,No
ORD-10670,2025-11-30,South,Store,Laptop Stand,1,36.04,10.0,32.44,0,4.0,No
ORD-10760,2025-11-30,North,Store,Wireless Earbuds,4,49.49,10.0,178.18,0,5.0,No
ORD-10771,2025-11-30,North,Online,USB-C Hub,5,28.87,0.0,144.36,4,3.0,No
ORD-10873,2025-11-30,North,Online,Wireless Earbuds,2,49.78,0.0,99.55,3,4.0,No
ORD-10056,2025-12-01,East,Online,Bluetooth Speaker,5,68.65,20.0,274.62,7,3.0,No
ORD-10324,2025-12-01,North,Online,Wireless Earbuds,2,48.89,20.0,78.23,6,4.0,Yes
ORD-10370,2025-12-01,West,Store,USB-C Hub,4,29.54,10.0,106.36,0,4.0,No
ORD-10696,2025-12-01,North,Online,Bluetooth Speaker,3,67.49,10.0,182.23,2,4.0,No
ORD-11174,2025-12-01,South,Online,Laptop Stand,3,34.65,15.0,88.36,6,3.0,No
ORD-10361,2025-12-02,East,Store,Smart Watch,4,128.87,0.0,515.47,0,4.0,No
ORD-10634,2025-12-02,South,Store,Bluetooth Speaker,3,70.41,10.0,190.11,0,5.0,No
ORD-10798,2025-12-02,North,Online,USB-C Hub,2,30.13,5.0,57.25,2,5.0,No
ORD-10292,2025-12-03,North,Store,Bluetooth Speaker,2,71.46,5.0,135.77,0,5.0,No
ORD-10311,2025-12-03,North,Store,USB-C Hub,6,29.84,15.0,152.19,0,5.0,No
ORD-10650,2025-12-03,West,Store,Wireless Earbuds,4,47.43,10.0,170.74,0,4.0,No
ORD-10919,2025-12-03,South,Online,Smart Watch,2,132.58,10.0,238.65,3,4.0,No
ORD-11082,2025-12-03,South,Store,USB-C Hub,3,29.24,20.0,70.19,0,4.0,No
ORD-10641,2025-12-04,East,Online,Wireless Earbuds,3,50.28,15.0,128.23,6,3.0,No
ORD-11146,2025-12-04,North,Online,Laptop Stand,5,36.95,0.0,184.76,2,5.0,No
ORD-10164,2025-12-05,South,Store,Wireless Earbuds,3,49.97,5.0,142.4,0,4.0,No
ORD-10665,2025-12-05,North,Online,Bluetooth Speaker,3,68.04,0.0,204.11,4,3.0,No
ORD-10973,2025-12-05,South,Online,USB-C Hub,1,29.49,30.0,20.64,4,4.0,No
ORD-10228,2025-12-07,North,Online,Wireless Earbuds,4,48.65,15.0,165.41,5,3.0,No
ORD-10861,2025-12-07,South,Online,Wireless Earbuds,4,52.53,0.0,210.1,1,4.0,No
ORD-10870,2025-12-07,North,Online,Laptop Stand,3,35.24,10.0,95.15,8,2.0,Yes
ORD-10895,2025-12-07,South,Online,Smart Watch,3,127.05,10.0,343.04,4,3.0,No
ORD-10804,2025-12-08,West,Online,USB-C Hub,4,30.01,0.0,120.03,8,4.0,No
ORD-10989,2025-12-08,South,Online,Wireless Earbuds,4,47.84,0.0,191.38,4,4.0,No
ORD-10398,2025-12-09,North,Online,Wireless Earbuds,2,48.1,0.0,96.21,4,,No
ORD-10594,2025-12-09,South,Online,Smart Watch,2,126.48,0.0,252.96,4,2.0,No
ORD-11175,2025-12-09,North,Online,Smart Watch,3,125.73,10.0,339.47,5,3.0,No
ORD-10087,2025-12-10,North,Online,USB-C Hub,5,28.66,0.0,143.3,2,5.0,No
ORD-10691,2025-12-10,South,Store,Laptop Stand,3,34.06,0.0,102.18,0,5.0,No
ORD-10717,2025-12-10,South,Online,Smart Watch,4,122.76,15.0,417.37,4,4.0,No
ORD-10748,2025-12-10,North,Online,Smart Watch,6,133.16,0.0,798.97,4,2.0,Yes
ORD-10001,2025-12-11,East,Online,Bluetooth Speaker,4,69.43,5.0,263.82,4,3.0,Yes
ORD-10154,2025-12-11,East,Online,Wireless Earbuds,2,44.63,0.0,89.27,4,3.0,No
ORD-10480,2025-12-11,East,Store,Bluetooth Speaker,4,69.87,0.0,279.49,0,,No
ORD-10569,2025-12-11,West,Store,Laptop Stand,5,34.93,0.0,174.67,0,4.0,No
ORD-10735,2025-12-11,West,Online,Laptop Stand,5,33.92,5.0,161.12,2,4.0,No
ORD-11111,2025-12-11,East,Online,Laptop Stand,2,34.52,20.0,55.23,6,4.0,No
ORD-10287,2025-12-12,West,Store,Wireless Earbuds,4,47.8,15.0,162.51,0,5.0,No
ORD-10978,2025-12-12,South,Store,Laptop Stand,5,35.31,10.0,158.88,0,4.0,No
ORD-11159,2025-12-12,West,Online,Bluetooth Speaker,2,65.5,10.0,117.89,5,3.0,No
ORD-10262,2025-12-13,East,Online,Laptop Stand,4,37.84,5.0,143.81,7,3.0,No
ORD-10277,2025-12-13,East,Online,USB-C Hub,5,28.46,,120.97,2,3.0,No
ORD-10381,2025-12-13,South,Store,Smart Watch,5,131.66,15.0,559.54,0,4.0,No
ORD-10663,2025-12-13,East,Store,Wireless Earbuds,3,49.37,10.0,133.29,0,4.0,No
ORD-10826,2025-12-13,South,Online,Bluetooth Speaker,6,69.46,30.0,291.73,6,,No
ORD-10139,2025-12-14,East,Online,Smart Watch,2,132.53,0.0,265.06,3,3.0,No
ORD-10247,2025-12-14,North,Online,Laptop Stand,5,35.71,5.0,169.61,5,3.0,No
ORD-10270,2025-12-14,North,Online,Wireless Earbuds,4,47.38,20.0,151.62,3,4.0,No
ORD-10300,2025-12-14,North,Online,Wireless Earbuds,2,47.16,20.0,75.45,8,2.0,Yes
ORD-10865,2025-12-14,South,Online,Bluetooth Speaker,1,70.04,5.0,66.54,7,2.0,No
ORD-11162,2025-12-14,South,Online,Wireless Earbuds,4,47.27,5.0,179.64,2,4.0,No
ORD-11186,2025-12-14,North,Store,Smart Watch,3,129.18,20.0,310.02,0,4.0,No
ORD-10127,2025-12-16,North,Store,USB-C Hub,5,29.38,10.0,132.23,0,5.0,No
ORD-10852,2025-12-16, West ,Online,Wireless Earbuds,3,50.47,10.0,136.26,6,3.0,No
ORD-11121,2025-12-16,West,Online,Wireless Earbuds,4,49.62,10.0,178.63,1,5.0,No
ORD-10157,2025-12-17,West,Online,Wireless Earbuds,2,49.54,30.0,69.35,7,3.0,Yes
ORD-10340,2025-12-17,South,Store,Laptop Stand,4,34.53,0.0,138.13,0,,No
ORD-10416,2025-12-17,East,Online,Wireless Earbuds,3,51.07,15.0,130.23,4,4.0,No
ORD-10863,2025-12-17,North,Online,Wireless Earbuds,2,51.25,10.0,92.25,4,3.0,No
ORD-10747,2025-12-18,West,Store,Wireless Earbuds,5,47.49,10.0,213.72,0,3.0,No
ORD-10937,2025-12-18,West,Online,Laptop Stand,2,34.23,15.0,58.18,6,3.0,No
ORD-11056,2025-12-18,North,Online,Wireless Earbuds,2,47.16,15.0,80.17,4,3.0,No
ORD-11114,2025-12-18,South,Online,Laptop Stand,4,34.64,30.0,96.99,8,2.0,Yes
ORD-10083,2025-12-19,North,Store,Smart Watch,3,121.76,10.0,328.76,0,4.0,No
ORD-10812,2025-12-19,South,Online,USB-C Hub,3,28.58,10.0,77.17,2,3.0,No
ORD-10069,2025-12-20,South,Store,Wireless Earbuds,3,48.69,0.0,146.07,0,5.0,No
ORD-10138,2025-12-20,North,Online,USB-C Hub,3,29.81,15.0,76.03,5,4.0,No
ORD-10171,2025-12-20,East,Store,Bluetooth Speaker,4,69.49,5.0,264.06,0,,No
ORD-10183,2025-12-20,East,Online,Wireless Earbuds,3,49.56,5.0,141.24,8,,No
ORD-10202,2025-12-20,South,Store,Wireless Earbuds,3,47.56,15.0,121.29,0,5.0,No
ORD-10625,2025-12-20,East,Store,Laptop Stand,2,35.64,5.0,67.71,0,5.0,No
ORD-10053,2025-12-21,East,Online,USB-C Hub,5,27.91,20.0,111.66,1,4.0,No
ORD-10241,2025-12-21,North,Store,Wireless Earbuds,4,49.47,20.0,158.31,0,4.0,No
ORD-10312,2025-12-21,North,Online,USB-C Hub,5,29.51,,147.56,4,4.0,No
ORD-10383,2025-12-21,North,Store,Bluetooth Speaker,5,66.1,0.0,330.48,0,5.0,No
ORD-10752,2025-12-21,East,Online,Smart Watch,2,126.05,30.0,176.46,7,3.0,Yes
ORD-10801,2025-12-21,East,Online,Laptop Stand,2,35.21,0.0,70.42,8,2.0,Yes
ORD-11067,2025-12-21,North,Online,Wireless Earbuds,2,50.39,20.0,80.63,5,3.0,No
ORD-10787,2025-12-22,West,Store,Smart Watch,3,130.7,10.0,352.9,0,4.0,No
ORD-10118,2025-12-24,West,Online,Laptop Stand,2,36.59,0.0,73.19,8,3.0,No
ORD-10274,2025-12-24,South,Online,Bluetooth Speaker,3,67.94,5.0,193.62,8,4.0,No
ORD-10746,2025-12-24,North,Online,Laptop Stand,3,34.24,20.0,82.18,6,3.0,No
ORD-10177,2025-12-25,East,Online,Smart Watch,2,128.56,5.0,244.27,2,3.0,No
ORD-11155,2025-12-25,East,Online,Wireless Earbuds,5,47.16,20.0,188.65,7,3.0,No
ORD-10767,2025-12-26,West,Online,Wireless Earbuds,3,47.29,10.0,127.68,2,3.0,No
ORD-10040,2025-12-27,West,Online,Bluetooth Speaker,2,69.49,0.0,138.99,6,2.0,Yes
ORD-10265,2025-12-27,East,Online,Smart Watch,5,128.01,10.0,576.03,2,3.0,No
ORD-10656,2025-12-27,South,Online,Wireless Earbuds,3,45.8,5.0,130.54,1,3.0,No
ORD-10707,2025-12-27,West,Online,Wireless Earbuds,4,47.75,5.0,181.44,2,2.0,Yes
ORD-10779,2025-12-27,North,Store,Bluetooth Speaker,4,64.67,10.0,232.82,0,4.0,No
ORD-10027,2025-12-28,East,Online,USB-C Hub,5,27.75,10.0,124.89,3,3.0,Yes
ORD-11176,2025-12-28,South,Online,Bluetooth Speaker,2,69.09,5.0,131.27,1,5.0,No
ORD-10065,2025-12-29,West,Online,Laptop Stand,2,35.34,0.0,70.68,1,4.0,No
ORD-10487,2025-12-29,West,Online,Wireless Earbuds,4,49.47,5.0,187.99,2,3.0,No
ORD-10642,2025-12-29,North,Store,Wireless Earbuds,3,51.0,15.0,130.05,0,5.0,No
ORD-11001,2025-12-29,West,Store,USB-C Hub,5,28.16,10.0,126.72,0,5.0,No
ORD-10034,2025-12-30,East,Online,Wireless Earbuds,4,48.43,0.0,193.73,8,3.0,Yes
ORD-10592,2025-12-30,East,Store,Laptop Stand,2,33.93,5.0,64.46,0,4.0,No
ORD-10692,2025-12-30,South,Online,Smart Watch,5,124.41,5.0,590.96,4,4.0,No
ORD-10733,2025-12-30,West,Online,Smart Watch,4,127.58,10.0,459.3,8,,Yes
ORD-10225,2025-12-31,East,Store,USB-C Hub,6,28.4,10.0,153.38,0,5.0,No
ORD-10968,2025-12-31,West,Online,USB-C Hub,1,29.83,15.0,25.35,6,2.0,No
